Indicator,S.No.,Parameters,Type,SubDistrict-_Solapur-Total [(A+B) or (C+D)],SubDistrict-_Solapur-Public [A],SubDistrict-_Solapur-Private [B],SubDistrict-_Solapur-Urban [C],SubDistrict-_Solapur-Rural [D],SubDistrict-Akkalkot-Total [(A+B) or (C+D)],SubDistrict-Akkalkot-Public [A],SubDistrict-Akkalkot-Private [B],SubDistrict-Akkalkot-Urban [C],SubDistrict-Akkalkot-Rural [D],SubDistrict-Barshi-Total [(A+B) or (C+D)],SubDistrict-Barshi-Public [A],SubDistrict-Barshi-Private [B],SubDistrict-Barshi-Urban [C],SubDistrict-Barshi-Rural [D],SubDistrict-Karmala-Total [(A+B) or (C+D)],SubDistrict-Karmala-Public [A],SubDistrict-Karmala-Private [B],SubDistrict-Karmala-Urban [C],SubDistrict-Karmala-Rural [D],SubDistrict-Madha-Total [(A+B) or (C+D)],SubDistrict-Madha-Public [A],SubDistrict-Madha-Private [B],SubDistrict-Madha-Urban [C],SubDistrict-Madha-Rural [D],SubDistrict-Malshiras-Total [(A+B) or (C+D)],SubDistrict-Malshiras-Public [A],SubDistrict-Malshiras-Private [B],SubDistrict-Malshiras-Urban [C],SubDistrict-Malshiras-Rural [D],SubDistrict-Mangalvedhe-Total [(A+B) or (C+D)],SubDistrict-Mangalvedhe-Public [A],SubDistrict-Mangalvedhe-Private [B],SubDistrict-Mangalvedhe-Urban [C],SubDistrict-Mangalvedhe-Rural [D],SubDistrict-Mohol-Total [(A+B) or (C+D)],SubDistrict-Mohol-Public [A],SubDistrict-Mohol-Private [B],SubDistrict-Mohol-Urban [C],SubDistrict-Mohol-Rural [D],SubDistrict-Pandharpur-Total [(A+B) or (C+D)],SubDistrict-Pandharpur-Public [A],SubDistrict-Pandharpur-Private [B],SubDistrict-Pandharpur-Urban [C],SubDistrict-Pandharpur-Rural [D],SubDistrict-Sangole-Total [(A+B) or (C+D)],SubDistrict-Sangole-Public [A],SubDistrict-Sangole-Private [B],SubDistrict-Sangole-Urban [C],SubDistrict-Sangole-Rural [D],SubDistrict-Solapur North-Total [(A+B) or (C+D)],SubDistrict-Solapur North-Public [A],SubDistrict-Solapur North-Private [B],SubDistrict-Solapur North-Urban [C],SubDistrict-Solapur North-Rural [D],SubDistrict-Solapur South-Total [(A+B) or (C+D)],SubDistrict-Solapur South-Public [A],SubDistrict-Solapur South-Private [B],SubDistrict-Solapur South-Urban [C],SubDistrict-Solapur South-Rural [D],SubDistrict-Solapur Urban-Total [(A+B) or (C+D)],SubDistrict-Solapur Urban-Public [A],SubDistrict-Solapur Urban-Private [B],SubDistrict-Solapur Urban-Urban [C],SubDistrict-Solapur Urban-Rural [D]
M1 [Ante Natal Care (ANC)],1.1,Total number of pregnant women registered for ANC,TOTAL,6748,6748,0,2220,4528,593,593,NA,66,527,450,450,NA,119,331,364,364,NA,39,325,464,464,NA,20,444,701,701,NA,NA,701,299,299,NA,33,266,438,438,NA,NA,438,852,852,NA,314,538,386,386,NA,25,361,174,174,0,NA,174,423,423,NA,NA,423,1604,1604,NA,1604,NA
M1 [Ante Natal Care (ANC)],1.1.1,"Out of the total ANC registered, number registered within 1st trimester (within 12 weeks)",TOTAL,4768,4768,0,1088,3680,474,474,NA,35,439,375,375,NA,90,285,246,246,NA,8,238,362,362,NA,3,359,599,599,NA,NA,599,207,207,NA,12,195,322,322,NA,NA,322,560,560,NA,121,439,301,301,NA,9,292,145,145,0,NA,145,367,367,NA,NA,367,810,810,NA,810,NA
M1 [Ante Natal Care (ANC)],1.2.1,Number of PW given TT1,TOTAL,4716,4646,70,1642,3074,324,324,NA,36,288,360,360,NA,84,276,251,251,NA,13,238,386,386,NA,20,366,496,496,NA,NA,496,168,168,NA,12,156,266,266,NA,NA,266,371,371,NA,38,333,249,249,NA,10,239,178,108,70,NA,178,238,238,NA,NA,238,1429,1429,NA,1429,NA
M1 [Ante Natal Care (ANC)],1.2.2,Number of PW given TT2,TOTAL,4131,4085,46,1415,2716,207,207,NA,38,169,304,304,NA,66,238,226,226,NA,3,223,373,373,NA,12,361,436,436,NA,NA,436,114,114,NA,10,104,245,245,NA,NA,245,391,391,NA,54,337,277,277,NA,20,257,142,96,46,NA,142,204,204,NA,NA,204,1212,1212,NA,1212,NA
M1 [Ante Natal Care (ANC)],1.2.3,Number of PW given TT Booster,TOTAL,2005,1975,30,261,1744,264,264,NA,30,234,121,121,NA,22,99,109,109,NA,9,100,108,108,NA,5,103,318,318,NA,NA,318,88,88,NA,4,84,158,158,NA,NA,158,321,321,NA,90,231,144,144,NA,3,141,84,54,30,NA,84,192,192,NA,NA,192,98,98,NA,98,NA
M1 [Ante Natal Care (ANC)],1.2.4,Number of PW given 180 Iron Folic Acid (IFA) tablets,TOTAL,4972,4898,74,1270,3702,589,589,NA,66,523,412,412,NA,106,306,161,161,NA,5,156,294,294,NA,20,274,680,680,NA,NA,680,249,249,NA,23,226,361,361,NA,NA,361,654,654,NA,287,367,342,342,NA,25,317,192,118,74,NA,192,300,300,NA,NA,300,738,738,NA,738,NA
M1 [Ante Natal Care (ANC)],1.2.5,Number of PW given 360 Calcium tablets,TOTAL,3181,3066,115,516,2665,581,581,NA,66,515,218,218,NA,106,112,189,189,NA,4,185,200,200,NA,20,180,381,381,NA,NA,381,121,121,NA,23,98,265,265,NA,NA,265,588,588,NA,287,301,181,181,NA,0,181,214,99,115,NA,214,233,233,NA,NA,233,10,10,NA,10,NA
M1 [Ante Natal Care (ANC)],1.2.6,Number of PW given one Albendazole tablet after 1st trimester,TOTAL,1532,1532,0,57,1475,297,297,NA,38,259,68,68,NA,0,68,33,33,NA,0,33,9,9,NA,0,9,263,263,NA,NA,263,145,145,NA,0,145,183,183,NA,NA,183,212,212,NA,0,212,132,132,NA,9,123,35,35,0,NA,35,145,145,NA,NA,145,10,10,NA,10,NA
M1 [Ante Natal Care (ANC)],1.2.7,Number of PW received 4 or more ANC check ups,TOTAL,5850,5543,307,1284,4566,561,561,NA,48,513,416,416,NA,67,349,255,255,NA,2,253,475,475,NA,7,468,722,722,NA,NA,722,278,278,NA,4,274,365,365,NA,NA,365,526,526,NA,74,452,413,413,NA,35,378,449,142,307,NA,449,343,343,NA,NA,343,1047,1047,NA,1047,NA
M1 [Ante Natal Care (ANC)],1.2.8,Number of PW given ANC Corticosteroids in Pre Term Labour,TOTAL,32,29,3,1,31,1,1,NA,1,0,0,0,NA,0,0,0,0,NA,0,0,0,0,NA,0,0,28,28,NA,NA,28,0,0,NA,0,0,0,0,NA,NA,0,0,0,NA,0,0,0,0,NA,0,0,3,0,3,NA,3,0,0,NA,NA,0,0,0,NA,0,NA
M1 [Ante Natal Care (ANC)],1.3.1,New cases of PW with hypertension detected,TOTAL,30,29,1,11,19,2,2,NA,2,0,3,3,NA,2,1,0,0,NA,0,0,0,0,NA,0,0,1,1,NA,NA,1,0,0,NA,0,0,6,6,NA,NA,6,7,7,NA,7,0,0,0,NA,0,0,2,1,1,NA,2,9,9,NA,NA,9,0,0,NA,0,NA
M1 [Ante Natal Care (ANC)],1.3.1.a,"Out of the new cases of PW with hypertension detected, cases managed at institution",TOTAL,13,12,1,2,11,2,2,NA,2,0,0,0,NA,0,0,0,0,NA,0,0,0,0,NA,0,0,1,1,NA,NA,1,0,0,NA,0,0,0,0,NA,NA,0,0,0,NA,0,0,0,0,NA,0,0,1,0,1,NA,1,9,9,NA,NA,9,0,0,NA,0,NA
M1 [Ante Natal Care (ANC)],1.3.2,Number of Eclampsia cases managed during delivery,TOTAL,1,1,0,1,0,1,1,NA,1,0,0,0,NA,0,0,0,0,NA,0,0,0,0,NA,0,0,0,0,NA,NA,0,0,0,NA,0,0,0,0,NA,NA,0,0,0,NA,0,0,0,0,NA,0,0,0,0,0,NA,0,0,0,NA,NA,0,0,0,NA,0,NA
M1 [Ante Natal Care (ANC)],1.4.1,Number of PW tested for Haemoglobin (Hb ) 4 or more than 4 times for respective ANCs,TOTAL,4783,4753,30,1304,3479,523,523,NA,0,523,337,337,NA,67,270,303,303,NA,0,303,48,48,NA,0,48,563,563,NA,NA,563,247,247,NA,23,224,358,358,NA,NA,358,584,584,NA,314,270,440,440,NA,27,413,221,191,30,NA,221,286,286,NA,NA,286,873,873,NA,873,NA
M1 [Ante Natal Care (ANC)],1.4.2,Number of PW having Hb level<11 (tested cases)(7.1 to 10.9),TOTAL,4628,4595,33,1463,3165,213,213,NA,121,92,416,416,NA,112,304,225,225,NA,9,216,204,204,NA,0,204,698,698,NA,NA,698,253,253,NA,23,230,369,369,NA,NA,369,616,616,NA,235,381,297,297,NA,25,272,213,180,33,NA,213,186,186,NA,NA,186,938,938,NA,938,NA
M1 [Ante Natal Care (ANC)],1.4.3,Number of PW having Hb level<7 (tested cases),TOTAL,74,72,2,25,49,2,2,NA,2,0,9,9,NA,7,2,2,2,NA,0,2,0,0,NA,0,0,8,8,NA,NA,8,0,0,NA,0,0,21,21,NA,NA,21,20,20,NA,15,5,0,0,NA,0,0,2,0,2,NA,2,9,9,NA,NA,9,1,1,NA,1,NA
M1 [Ante Natal Care (ANC)],1.4.4,Number of PW having severe anaemia (Hb<7) treated,TOTAL,30,30,0,22,8,2,2,NA,2,0,4,4,NA,4,0,0,0,NA,0,0,0,0,NA,0,0,5,5,NA,NA,5,0,0,NA,0,0,3,3,NA,NA,3,15,15,NA,15,0,0,0,NA,0,0,0,0,0,NA,0,0,0,NA,NA,0,1,1,NA,1,NA
M1 [Ante Natal Care (ANC)],1.5.1,Number of PW tested for blood sugar using OGTT (Oral Glucose Tolerance Test),TOTAL,40,40,0,25,15,0,0,NA,0,0,11,11,NA,0,11,0,0,NA,0,0,0,0,NA,0,0,0,0,NA,NA,0,0,0,NA,0,0,0,0,NA,NA,0,0,0,NA,0,0,29,29,NA,25,4,0,0,0,NA,0,0,0,NA,NA,0,0,0,NA,0,NA
M1 [Ante Natal Care (ANC)],1.5.2,Number of PW tested positive for GDM,TOTAL,0,0,0,0,0,0,0,NA,0,0,0,0,NA,0,0,0,0,NA,0,0,0,0,NA,0,0,0,0,NA,NA,0,0,0,NA,NA,0,0,0,NA,NA,0,0,0,NA,0,0,0,0,NA,0,0,0,0,0,NA,0,0,0,NA,NA,0,0,0,NA,0,NA
M1 [Ante Natal Care (ANC)],1.5.3,Number of PW given insulin out of total tested positive for GDM,TOTAL,0,0,0,0,0,0,0,NA,0,0,0,0,NA,0,0,0,0,NA,0,0,0,0,NA,0,0,0,0,NA,NA,0,0,0,NA,0,0,0,0,NA,NA,0,0,0,NA,0,0,0,0,NA,0,0,0,0,0,NA,0,0,0,NA,NA,0,0,0,NA,0,NA
M1 [Ante Natal Care (ANC)],1.6.1.a,Number of PW tested using POC test for Syphilis,TOTAL,1,1,NA,NA,1,0,0,NA,NA,0,0,0,NA,NA,0,0,0,NA,NA,0,0,0,NA,NA,0,0,0,NA,NA,0,0,0,NA,NA,0,1,1,NA,NA,1,0,0,NA,NA,0,0,0,NA,NA,0,0,0,NA,NA,0,0,0,NA,NA,0,NA,NA,NA,NA,NA
M1 [Ante Natal Care (ANC)],1.6.1.b,"Out of above, number of PW found sero positive for syphilis",TOTAL,1,1,NA,NA,1,0,0,NA,NA,0,0,0,NA,NA,0,0,0,NA,NA,0,0,0,NA,NA,0,1,1,NA,NA,1,0,0,NA,NA,0,0,0,NA,NA,0,0,0,NA,NA,0,0,0,NA,NA,0,0,0,NA,NA,0,0,0,NA,NA,0,NA,NA,NA,NA,NA
M1 [Ante Natal Care (ANC)],1.6.2.a,Number of pregnant women tested for Syphilis,TOTAL,294,294,0,23,271,0,0,NA,0,0,0,0,NA,0,0,0,0,NA,0,0,0,0,NA,0,0,199,199,NA,NA,199,23,23,NA,23,0,72,72,NA,NA,72,0,0,NA,0,0,0,0,NA,0,0,0,0,0,NA,0,0,0,NA,NA,0,0,0,NA,0,NA
M1 [Ante Natal Care (ANC)],1.6.2.b,Number of pregnant women tested found sero positive for Syphilis,TOTAL,0,0,0,0,0,0,0,NA,0,0,0,0,NA,0,0,0,0,NA,0,0,0,0,NA,0,0,0,0,NA,NA,0,0,0,NA,0,0,0,0,NA,NA,0,0,0,NA,0,0,0,0,NA,0,0,0,0,0,NA,0,0,0,NA,NA,0,0,0,NA,0,NA
M1 [Ante Natal Care (ANC)],1.6.2.c,Number of syphilis positive pregnant women treated for Syphilis,TOTAL,0,0,0,0,0,0,0,NA,0,0,0,0,NA,0,0,0,0,NA,0,NA,0,0,NA,0,0,0,0,NA,NA,0,0,0,NA,0,0,0,0,NA,NA,0,0,0,NA,0,0,0,0,NA,0,0,0,0,0,NA,0,0,0,NA,NA,0,0,0,NA,0,NA
M1 [Ante Natal Care (ANC)],1.6.2.d,Number of babies diagnosed with Congenital Syphilis,TOTAL,0,0,0,0,0,0,0,NA,0,0,0,0,NA,0,0,0,0,NA,0,NA,0,0,NA,0,0,0,0,NA,NA,0,0,0,NA,0,0,0,0,NA,NA,0,0,0,NA,0,0,0,0,NA,0,0,0,0,0,NA,0,0,0,NA,NA,0,0,0,NA,0,NA
M1 [Ante Natal Care (ANC)],1.6.2.e,Number of babies treated for congenital Syphilis,TOTAL,0,0,0,0,0,0,0,NA,0,0,0,0,NA,0,0,0,0,NA,0,NA,0,0,NA,0,0,0,0,NA,NA,0,0,0,NA,0,0,0,0,NA,NA,0,0,0,NA,0,0,0,0,NA,0,0,0,0,0,NA,0,0,0,NA,NA,0,0,0,NA,0,NA
M2 [Deliveries],2.1.1.a,Number of Home Deliveries attended by Skill Birth Attendant(SBA) (Doctor/Nurse/ANM),TOTAL,9,9,NA,4,5,0,0,NA,NA,0,0,0,NA,NA,0,0,0,NA,NA,0,0,0,NA,NA,0,0,0,NA,NA,0,0,0,NA,NA,0,0,0,NA,NA,0,0,0,NA,NA,0,3,3,NA,NA,3,0,0,NA,NA,0,2,2,NA,NA,2,4,4,NA,4,NA
M2 [Deliveries],2.1.1.b,Number of Home Deliveries attended by Non SBA (Trained Birth Attendant(TBA) /Relatives/etc.),TOTAL,3,3,NA,1,2,0,0,NA,NA,0,0,0,NA,NA,0,0,0,NA,NA,0,0,0,NA,NA,0,0,0,NA,NA,0,0,0,NA,NA,0,0,0,NA,NA,0,0,0,NA,NA,0,0,0,NA,NA,0,0,0,NA,NA,0,2,2,NA,NA,2,1,1,NA,1,NA
M2 [Deliveries],2.1.2,Number of PW given Tablet Misoprostol during home delivery,TOTAL,0,0,NA,0,0,0,0,NA,NA,0,0,0,NA,NA,0,0,0,NA,NA,0,0,0,NA,NA,0,0,0,NA,NA,0,0,0,NA,NA,0,0,0,NA,NA,0,0,0,NA,NA,0,0,0,NA,NA,0,0,0,NA,NA,0,0,0,NA,NA,0,0,0,NA,0,NA
M2 [Deliveries],2.1.3,Number of newborns received 7 Home Based Newborn Care (HBNC) visits in case of Home delivery,TOTAL,0,0,NA,0,0,0,0,NA,NA,0,0,0,NA,NA,0,0,0,NA,NA,0,0,0,NA,NA,0,0,0,NA,NA,0,0,0,NA,NA,0,0,0,NA,NA,0,0,0,NA,NA,0,0,0,NA,NA,0,0,0,NA,NA,0,0,0,NA,NA,0,0,0,NA,0,NA
M2 [Deliveries],2.2,Number of Institutional Deliveries conducted (Including C-Sections),TOTAL,6028,2483,3545,460,5568,248,248,NA,85,163,114,114,NA,41,73,108,108,NA,56,52,74,74,NA,10,64,138,138,NA,NA,138,106,106,NA,20,86,101,101,NA,NA,101,184,184,NA,83,101,206,206,NA,18,188,4430,885,3545,NA,4430,172,172,NA,NA,172,147,147,NA,147,NA
M2 [Deliveries],2.2.1,Out of total institutional deliveries number of women discharged within 48 hours of delivery,TOTAL,1007,750,257,65,942,167,167,NA,4,163,15,15,NA,5,10,43,43,NA,0,43,38,38,NA,0,38,112,112,NA,NA,112,46,46,NA,0,46,74,74,NA,NA,74,23,23,NA,0,23,78,78,NA,18,60,257,0,257,NA,257,116,116,NA,NA,116,38,38,NA,38,NA
M2 [Deliveries],2.2.2,Number of newborns received 6 HBNC  visits after Institutional Delivery,TOTAL,911,911,NA,94,817,163,163,NA,0,163,15,15,NA,0,15,48,48,NA,0,48,47,47,NA,0,47,78,78,NA,NA,78,53,53,NA,0,53,72,72,NA,NA,72,81,81,NA,0,81,108,108,NA,0,108,24,24,NA,NA,24,128,128,NA,NA,128,94,94,NA,94,NA
M3 [Number of Caesarean (C-Section) deliveries],3.1,Total C -Section deliveries performed,TOTAL,1275,292,983,44,1231,0,0,NA,0,0,0,0,NA,0,0,0,0,NA,0,0,0,0,NA,0,0,0,0,NA,NA,0,0,0,NA,0,0,0,0,NA,NA,0,33,33,NA,32,1,0,0,NA,0,0,1230,247,983,NA,1230,0,0,NA,NA,0,12,12,NA,12,NA
M3 [Number of Caesarean (C-Section) deliveries],3.1.1,"C-sections, performed at night (8 PM- 8 AM)",TOTAL,104,2,102,2,102,0,0,NA,0,0,0,0,NA,0,0,0,0,NA,0,0,0,0,NA,0,0,0,0,NA,NA,0,0,0,NA,0,0,0,0,NA,NA,0,0,0,NA,0,0,0,0,NA,0,0,102,0,102,NA,102,0,0,NA,NA,0,2,2,NA,2,NA
M4 [Pregnancy outcome & details of new-born],4.1.1.a,Live Birth - Male,TOTAL,3110,1305,1805,249,2861,126,126,NA,38,88,57,57,NA,23,34,53,53,NA,24,29,41,41,NA,7,34,74,74,NA,NA,74,55,55,NA,13,42,55,55,NA,NA,55,95,95,NA,42,53,112,112,NA,15,97,2259,454,1805,NA,2259,96,96,NA,NA,96,87,87,NA,87,NA
M4 [Pregnancy outcome & details of new-born],4.1.1.b,Live Birth - Female,TOTAL,2888,1148,1740,213,2675,120,120,NA,46,74,56,56,NA,18,38,55,55,NA,32,23,33,33,NA,3,30,63,63,NA,NA,63,51,51,NA,7,44,44,44,NA,NA,44,86,86,NA,38,48,94,94,NA,3,91,2141,401,1740,NA,2141,79,79,NA,NA,79,66,66,NA,66,NA
M4 [Pregnancy outcome & details of new-born],4.1.2,Number of Pre term newborns ( < 37 weeks of pregnancy),TOTAL,96,96,0,4,92,2,2,NA,2,0,3,3,NA,2,1,0,0,NA,0,0,0,0,NA,0,0,7,7,NA,NA,7,0,0,NA,0,0,3,3,NA,NA,3,0,0,NA,0,0,11,11,NA,0,11,65,65,0,NA,65,5,5,NA,NA,5,0,0,NA,0,NA
M4 [Pregnancy outcome & details of new-born],4.1.3,Still Birth,TOTAL,50,42,8,6,44,1,1,NA,1,0,1,1,NA,0,1,0,0,NA,0,0,0,0,NA,0,0,1,1,NA,NA,1,0,0,NA,0,0,2,2,NA,NA,2,3,3,NA,3,0,0,0,NA,0,0,38,30,8,NA,38,2,2,NA,NA,2,2,2,NA,2,NA
M4 [Pregnancy outcome & details of new-born],4.2,Abortion (spontaneous),TOTAL,132,118,14,94,38,0,0,NA,0,0,3,3,NA,0,3,1,1,NA,0,1,0,0,NA,0,0,8,8,NA,NA,8,0,0,NA,0,0,6,6,NA,NA,6,0,0,NA,0,0,5,5,NA,0,5,15,1,14,NA,15,0,0,NA,NA,0,94,94,NA,94,NA
M4 [Pregnancy outcome & details of new-born],4.3.1.a,MTP up to 12 weeks of pregnancy,TOTAL,133,119,14,102,31,0,0,NA,0,0,0,0,NA,0,0,0,0,NA,0,0,0,0,NA,0,0,3,3,NA,NA,3,0,0,NA,0,0,2,2,NA,NA,2,14,14,NA,11,3,5,5,NA,0,5,14,0,14,NA,14,4,4,NA,NA,4,91,91,NA,91,NA
M4 [Pregnancy outcome & details of new-born],4.3.1.b,MTP more than 12 weeks of pregnancy,TOTAL,3,3,0,3,0,0,0,NA,0,0,0,0,NA,0,0,0,0,NA,0,0,0,0,NA,0,0,0,0,NA,NA,0,0,0,NA,0,0,0,0,NA,NA,0,0,0,NA,0,0,0,0,NA,0,0,0,0,0,NA,0,0,0,NA,NA,0,3,3,NA,3,NA
M4 [Pregnancy outcome & details of new-born],4.3.2.a,Post Abortion/ MTP Complications Identified,TOTAL,0,0,0,0,0,0,0,NA,0,0,0,0,NA,0,0,0,0,NA,0,0,0,0,NA,0,0,0,0,NA,NA,0,0,0,NA,0,0,0,0,NA,NA,0,0,0,NA,0,0,0,0,NA,0,0,0,0,0,NA,0,0,0,NA,NA,0,0,0,NA,0,NA
M4 [Pregnancy outcome & details of new-born],4.3.2.b,Post Abortion/ MTP Complications Treated,TOTAL,0,0,0,0,0,0,0,NA,0,0,0,0,NA,0,0,0,0,NA,0,0,0,0,NA,0,0,0,0,NA,NA,0,0,0,NA,0,0,0,0,NA,NA,0,0,0,NA,0,0,0,0,NA,0,0,0,0,0,NA,0,0,0,NA,NA,0,0,0,NA,0,NA
M4 [Pregnancy outcome & details of new-born],4.3.3,Number of women provided with post abortion/ MTP contraception,TOTAL,0,0,0,0,0,0,0,NA,0,0,0,0,NA,0,0,0,0,NA,0,0,0,0,NA,0,0,0,0,NA,NA,0,0,0,NA,0,0,0,0,NA,NA,0,0,0,NA,0,0,0,0,NA,0,0,0,0,0,NA,0,0,0,NA,NA,0,0,0,NA,0,NA
M4 [Pregnancy outcome & details of new-born],4.4.1,Number of newborns weighed at birth,TOTAL,5972,2427,3545,451,5521,247,247,NA,84,163,113,113,NA,41,72,108,108,NA,56,52,74,74,NA,10,64,136,136,NA,NA,136,94,94,NA,10,84,91,91,NA,NA,91,181,181,NA,80,101,204,204,NA,18,186,4400,855,3545,NA,4400,172,172,NA,NA,172,152,152,NA,152,NA
M4 [Pregnancy outcome & details of new-born],4.4.2,Number of newborns having weight less than 2.5 kg,TOTAL,170,158,12,43,127,19,19,NA,2,17,7,7,NA,6,1,4,4,NA,4,0,2,2,NA,0,2,9,9,NA,NA,9,10,10,NA,3,7,2,2,NA,NA,2,28,28,NA,24,4,4,4,NA,4,0,78,66,12,NA,78,7,7,NA,NA,7,0,0,NA,0,NA
M4 [Pregnancy outcome & details of new-born],4.4.3,Number of Newborns breast fed within 1 hour of birth ,TOTAL,5752,2207,3545,461,5291,247,247,NA,84,163,111,111,NA,41,70,106,106,NA,56,50,74,74,NA,10,64,134,134,NA,NA,134,104,104,NA,20,84,90,90,NA,NA,90,181,181,NA,80,101,196,196,NA,18,178,4184,639,3545,NA,4184,173,173,NA,NA,173,152,152,NA,152,NA
M5 [Complicated Pregnancies],5.1,"Number of cases of pregnant women with Obstetric Complications attended (Antepartum haemorrhage (APH), Post-Partum Hemorrhage (PPH), Sepsis, Eclampsia and others)",TOTAL,50,50,0,47,3,23,23,NA,23,0,0,0,NA,0,0,0,0,NA,0,0,0,0,NA,0,0,3,3,NA,NA,3,0,0,NA,0,0,0,0,NA,NA,0,24,24,NA,24,0,0,0,NA,0,0,0,0,0,NA,0,0,0,NA,NA,0,0,0,NA,0,NA
M5 [Complicated Pregnancies],5.2,Number of Complicated pregnancies treated with Blood Transfusion,TOTAL,31,31,0,25,6,0,0,NA,0,NA,1,1,NA,1,0,0,0,NA,0,NA,0,0,NA,0,0,6,6,NA,NA,6,0,0,NA,0,NA,0,0,NA,NA,0,24,24,NA,24,0,0,0,NA,0,NA,0,0,0,NA,0,0,0,NA,NA,0,0,0,NA,0,NA
M6 [Post Natal Care (PNC)],6.1,Women receiving 1st post partum checkup within 48 hours of home delivery,TOTAL,0,0,0,0,0,0,0,NA,0,0,0,0,NA,0,0,0,0,NA,0,0,0,0,NA,0,0,0,0,NA,NA,0,0,0,NA,0,0,0,0,NA,NA,0,0,0,NA,0,0,0,0,NA,0,0,0,0,0,NA,0,0,0,NA,NA,0,0,0,NA,0,NA
M6 [Post Natal Care (PNC)],6.2,Women receiving 1st post partum checkup between 48 hours and 14 days,TOTAL,2953,868,2085,215,2738,100,100,NA,0,100,29,29,NA,0,29,30,30,NA,0,30,56,56,NA,10,46,42,42,NA,NA,42,57,57,NA,0,57,88,88,NA,NA,88,104,104,NA,83,21,105,105,NA,0,105,2118,33,2085,NA,2118,102,102,NA,NA,102,122,122,NA,122,NA
M6 [Post Natal Care (PNC)],6.3,Number of mothers provided full course of 180 IFA tablets after delivery,TOTAL,1142,924,218,218,924,35,35,NA,0,35,144,144,NA,119,25,49,49,NA,0,49,40,40,NA,10,30,51,51,NA,NA,51,83,83,NA,20,63,118,118,NA,NA,118,117,117,NA,32,85,114,114,NA,0,114,235,17,218,NA,235,119,119,NA,NA,119,37,37,NA,37,NA
M6 [Post Natal Care (PNC)],6.4,Number of mothers provided 360 Calcium tablets after delivery,TOTAL,849,631,218,162,687,2,2,NA,0,2,128,128,NA,119,9,34,34,NA,0,34,14,14,NA,10,4,47,47,NA,NA,47,43,43,NA,20,23,77,77,NA,NA,77,80,80,NA,0,80,83,83,NA,0,83,231,13,218,NA,231,97,97,NA,NA,97,13,13,NA,13,NA
M7 [Reproductive Tract Infections/Sexually Transmitted Infections (RTI/STI) Cases],7.1.1,New RTI/STI cases identified - Male,TOTAL,173,167,6,65,108,8,8,NA,8,0,18,18,NA,10,8,2,2,NA,0,2,10,10,NA,0,10,9,9,NA,NA,9,46,46,NA,32,14,13,13,NA,NA,13,54,54,NA,15,39,3,3,NA,0,3,6,0,6,NA,6,4,4,NA,NA,4,0,0,NA,0,NA
M7 [Reproductive Tract Infections/Sexually Transmitted Infections (RTI/STI) Cases],7.1.2,New RTI/STI cases identified - Female,TOTAL,229,225,4,90,139,15,15,NA,6,9,26,26,NA,15,11,3,3,NA,0,3,11,11,NA,0,11,12,12,NA,NA,12,74,74,NA,55,19,15,15,NA,NA,15,53,53,NA,12,41,5,5,NA,2,3,4,0,4,NA,4,11,11,NA,NA,11,0,0,NA,0,NA
M7 [Reproductive Tract Infections/Sexually Transmitted Infections (RTI/STI) Cases],7.2.1,RTI/STI for which treatment initiated - Male,TOTAL,158,152,6,65,93,8,8,NA,8,0,14,14,NA,10,4,2,2,NA,0,2,6,6,NA,0,6,5,5,NA,NA,5,46,46,NA,32,14,13,13,NA,NA,13,54,54,NA,15,39,3,3,NA,0,3,6,0,6,NA,6,1,1,NA,NA,1,0,0,NA,0,NA
M7 [Reproductive Tract Infections/Sexually Transmitted Infections (RTI/STI) Cases],7.2.2,RTI/STI for which treatment initiated -Female,TOTAL,193,189,4,90,103,6,6,NA,6,0,18,18,NA,15,3,3,3,NA,0,3,2,2,NA,0,2,5,5,NA,NA,5,74,74,NA,55,19,15,15,NA,NA,15,53,53,NA,12,41,5,5,NA,2,3,4,0,4,NA,4,8,8,NA,NA,8,0,0,NA,0,NA
M8 [Family Planning],8.1.1,Number of Non Scalpel Vasectomy (NSV) / Conventional Vasectomy conducted,TOTAL,0,0,0,0,0,0,0,NA,0,0,0,0,NA,0,0,0,0,NA,0,0,0,0,NA,0,0,0,0,NA,NA,0,0,0,NA,0,0,0,0,NA,NA,0,0,0,NA,0,0,0,0,NA,0,0,0,0,0,NA,0,0,0,NA,NA,0,0,0,NA,0,NA
M8 [Family Planning],8.2.1,Number of Laparoscopic sterilizations (excluding post abortion) conducted,TOTAL,1241,1039,202,354,887,0,0,NA,0,0,140,140,NA,140,0,164,164,NA,0,164,96,96,NA,0,96,0,0,NA,NA,0,49,49,NA,0,49,96,96,NA,NA,96,53,53,NA,0,53,142,142,NA,57,85,265,63,202,NA,265,79,79,NA,NA,79,157,157,NA,157,NA
M8 [Family Planning],8.2.2,Number of Interval Mini-lap (other than post-partum and post abortion) sterilizations conducted,TOTAL,1400,1092,308,233,1167,181,181,NA,0,181,49,49,NA,0,49,18,18,NA,0,18,30,30,NA,13,17,222,222,NA,NA,222,62,62,NA,8,54,71,71,NA,NA,71,145,145,NA,90,55,39,39,NA,0,39,361,53,308,NA,361,100,100,NA,NA,100,122,122,NA,122,NA
M8 [Family Planning],8.2.3,Number of Postpartum sterilizations (within 7 days of delivery by minilap or concurrent with caesarean section) conducted,TOTAL,190,102,88,76,114,0,0,NA,0,0,11,11,NA,0,11,0,0,NA,0,0,0,0,NA,0,0,0,0,NA,NA,0,0,0,NA,NA,0,0,0,NA,NA,0,0,0,NA,0,0,15,15,NA,0,15,88,0,88,NA,88,0,0,NA,NA,0,76,76,NA,76,NA
M8 [Family Planning],8.2.4,Number of Post Abortion sterilizations (within 7 days of spontaneous or surgical abortion) conducted,TOTAL,12,12,0,12,0,0,0,NA,0,0,0,0,NA,0,0,0,0,NA,0,0,0,0,NA,0,0,0,0,NA,NA,0,0,0,NA,0,0,0,0,NA,NA,0,0,0,NA,0,0,0,0,NA,0,0,0,0,0,NA,0,0,0,NA,NA,0,12,12,NA,12,NA
M8 [Family Planning],8.3,Number of Interval IUCD Insertions (excluding PPIUCD and PAIUCD),TOTAL,1088,1067,21,168,920,127,127,NA,0,127,72,72,NA,0,72,116,116,NA,42,74,125,125,NA,2,123,117,117,NA,NA,117,51,51,NA,0,51,58,58,NA,NA,58,101,101,NA,14,87,81,81,NA,14,67,65,44,21,NA,65,79,79,NA,NA,79,96,96,NA,96,NA
M8 [Family Planning],8.4,Number of Postpartum (within 48 hours of delivery) IUCD insertions,TOTAL,192,192,0,91,101,11,11,NA,10,1,18,18,NA,7,11,37,37,NA,33,4,7,7,NA,0,7,10,10,NA,NA,10,17,17,NA,0,17,17,17,NA,NA,17,43,43,NA,39,4,13,13,NA,2,11,5,5,0,NA,5,14,14,NA,NA,14,0,0,NA,0,NA
M8 [Family Planning],8.5,Number of Post Abortion (within 12 days of spontaneous or surgical abortion) IUCD insertions,TOTAL,0,0,0,0,0,0,0,NA,0,0,0,0,NA,0,0,0,0,NA,0,0,0,0,NA,0,0,0,0,NA,NA,0,0,0,NA,0,0,0,0,NA,NA,0,0,0,NA,0,0,0,0,NA,0,0,0,0,0,NA,0,0,0,NA,NA,0,0,0,NA,0,NA
M8 [Family Planning],8.6,Number of IUCD Removals,TOTAL,249,244,5,13,236,5,5,NA,1,4,40,40,NA,2,38,10,10,NA,1,9,11,11,NA,0,11,65,65,NA,NA,65,5,5,NA,0,5,40,40,NA,NA,40,22,22,NA,3,19,5,5,NA,0,5,20,15,5,NA,20,20,20,NA,NA,20,6,6,NA,6,NA
M8 [Family Planning],8.7,Number of complications following IUCD Insertion,TOTAL,45,32,13,0,45,0,0,NA,0,0,7,7,NA,0,7,4,4,NA,0,4,4,4,NA,0,4,11,11,NA,NA,11,1,1,NA,0,1,3,3,NA,NA,3,0,0,NA,0,0,2,2,NA,0,2,13,0,13,NA,13,0,0,NA,NA,0,0,0,NA,0,NA
M8 [Family Planning],8.8,Injectable Contraceptive-Antara Program- First Dose,TOTAL,0,0,0,0,0,0,0,NA,0,0,0,0,NA,0,0,0,0,NA,0,0,0,0,NA,0,0,0,0,NA,NA,0,0,0,NA,0,0,0,0,NA,NA,0,0,0,NA,0,0,0,0,NA,0,0,0,0,0,NA,0,0,0,NA,NA,0,0,0,NA,0,NA
M8 [Family Planning],8.9,Injectable Contraceptive-Antara Program- Second Dose,TOTAL,0,0,0,0,0,0,0,NA,0,0,0,0,NA,0,0,0,0,NA,0,0,0,0,NA,0,0,0,0,NA,NA,0,0,0,NA,0,0,0,0,NA,NA,0,0,0,NA,0,0,0,0,NA,0,0,0,0,0,NA,0,0,0,NA,NA,0,0,0,NA,0,NA
M8 [Family Planning],8.1,Injectable Contraceptive-Antara Program- Third Dose,TOTAL,0,0,0,0,0,0,0,NA,0,0,0,0,NA,0,0,0,0,NA,0,0,0,0,NA,0,0,0,0,NA,NA,0,0,0,NA,0,0,0,0,NA,NA,0,0,0,NA,0,0,0,0,NA,0,0,0,0,0,NA,0,0,0,NA,NA,0,0,0,NA,0,NA
M8 [Family Planning],8.11,Injectable Contraceptive-Antara Program- Fourth or more than fourth,TOTAL,0,0,0,0,0,0,0,NA,0,0,0,0,NA,0,0,0,0,NA,0,0,0,0,NA,0,0,0,0,NA,NA,0,0,0,NA,0,0,0,0,NA,NA,0,0,0,NA,0,0,0,0,NA,0,0,0,0,0,NA,0,0,0,NA,NA,0,0,0,NA,0,NA
M8 [Family Planning],8.12,Number of Combined Oral Pill cycles distributed,TOTAL,11667,11663,4,3110,8557,826,826,NA,48,778,868,868,NA,52,816,652,652,NA,3,649,931,931,NA,7,924,1384,1384,NA,NA,1384,495,495,NA,0,495,848,848,NA,NA,848,925,925,NA,131,794,709,709,NA,0,709,344,340,4,NA,344,816,816,NA,NA,816,2869,2869,NA,2869,NA
M8 [Family Planning],8.13,Number of Condom pieces distributed,TOTAL,22960,22960,0,7621,15339,1249,1249,NA,680,569,1058,1058,NA,57,1001,316,316,NA,0,316,1100,1100,NA,9,1091,5441,5441,NA,NA,5441,347,347,NA,0,347,1454,1454,NA,NA,1454,3455,3455,NA,1300,2155,542,542,NA,0,542,1008,1008,0,NA,1008,1415,1415,NA,NA,1415,5575,5575,NA,5575,NA
M8 [Family Planning],8.14,Number of Centchroman (weekly) pill strips distributed,TOTAL,106,106,0,0,106,0,0,NA,0,0,2,2,NA,0,2,0,0,NA,0,0,0,0,NA,0,0,41,41,NA,NA,41,0,0,NA,0,0,10,10,NA,NA,10,38,38,NA,0,38,15,15,NA,0,15,0,0,0,NA,0,0,0,NA,NA,0,0,0,NA,0,NA
M8 [Family Planning],8.15,Number of Emergency Contraceptive Pills (ECP) given,TOTAL,86,86,0,0,86,14,14,NA,0,14,10,10,NA,0,10,0,0,NA,0,0,0,0,NA,0,0,22,22,NA,NA,22,0,0,NA,0,0,5,5,NA,NA,5,8,8,NA,0,8,0,0,NA,0,0,0,0,0,NA,0,27,27,NA,NA,27,0,0,NA,0,NA
M8 [Family Planning],8.16,Number of Pregnancy Test Kits (PTK) used,TOTAL,2852,2605,247,78,2774,24,24,NA,13,11,280,280,NA,0,280,152,152,NA,0,152,380,380,NA,0,380,497,497,NA,NA,497,141,141,NA,0,141,289,289,NA,NA,289,261,261,NA,0,261,224,224,NA,57,167,351,104,247,NA,351,245,245,NA,NA,245,8,8,NA,8,NA
M8 [Family Planning],8.17.1,Complications following male sterilization,TOTAL,0,0,0,0,0,0,0,NA,0,0,0,0,NA,0,0,0,0,NA,0,0,0,0,NA,0,0,0,0,NA,NA,0,0,0,NA,0,0,0,0,NA,NA,0,0,0,NA,0,0,0,0,NA,0,0,0,0,0,NA,0,0,0,NA,NA,0,0,0,NA,0,NA
M8 [Family Planning],8.17.2,Complications following female sterilization,TOTAL,0,0,0,0,0,0,0,NA,0,0,0,0,NA,0,0,0,0,NA,0,0,0,0,NA,0,0,0,0,NA,NA,0,0,0,NA,0,0,0,0,NA,NA,0,0,0,NA,0,0,0,0,NA,0,0,0,0,0,NA,0,0,0,NA,NA,0,0,0,NA,0,NA
M8 [Family Planning],8.17.3,Failures following male sterilization,TOTAL,0,0,0,0,0,0,0,NA,0,0,0,0,NA,0,0,0,0,NA,0,0,0,0,NA,0,0,0,0,NA,NA,0,0,0,NA,0,0,0,0,NA,NA,0,0,0,NA,0,0,0,0,NA,0,0,0,0,0,NA,0,0,0,NA,NA,0,0,0,NA,0,NA
M8 [Family Planning],8.17.4,Failures following female sterilization,TOTAL,1,1,0,0,1,0,0,NA,0,0,0,0,NA,0,0,0,0,NA,0,0,0,0,NA,0,0,0,0,NA,NA,0,0,0,NA,0,0,0,0,NA,NA,0,1,1,NA,0,1,0,0,NA,0,0,0,0,0,NA,0,0,0,NA,NA,0,0,0,NA,0,NA
M8 [Family Planning],8.17.5,Deaths following male sterilization,TOTAL,0,0,0,0,0,0,0,NA,0,0,0,0,NA,0,0,0,0,NA,0,0,0,0,NA,0,0,0,0,NA,NA,0,0,0,NA,0,0,0,0,NA,NA,0,0,0,NA,0,0,0,0,NA,0,0,0,0,0,NA,0,0,0,NA,NA,0,0,0,NA,0,NA
M8 [Family Planning],8.17.6,Deaths following female sterilization,TOTAL,0,0,0,0,0,0,0,NA,0,0,0,0,NA,0,0,0,0,NA,0,0,0,0,NA,0,0,0,0,NA,NA,0,0,0,NA,0,0,0,0,NA,NA,0,0,0,NA,0,0,0,0,NA,0,0,0,0,0,NA,0,0,0,NA,NA,0,0,0,NA,0,NA
M9 [CHILD IMMUNISATION],9.1.1,Child immunisation - Vitamin K1 (Birth Dose),TOTAL,897,844,53,350,547,148,148,NA,83,65,53,53,NA,35,18,85,85,NA,55,30,42,42,NA,10,32,45,45,NA,NA,45,41,41,NA,10,31,54,54,NA,NA,54,117,117,NA,80,37,69,69,NA,0,69,63,10,53,NA,63,103,103,NA,NA,103,77,77,NA,77,NA
M9 [CHILD IMMUNISATION],9.1.2,Child immunisation - BCG,TOTAL,5716,5716,0,1769,3947,631,631,NA,154,477,441,441,NA,98,343,321,321,NA,66,255,391,391,NA,6,385,538,538,NA,NA,538,247,247,NA,34,213,391,391,NA,NA,391,552,552,NA,117,435,396,396,NA,43,353,149,149,0,NA,149,408,408,NA,NA,408,1251,1251,NA,1251,NA
M9 [CHILD IMMUNISATION],9.1.3,Child immunisation - DPT1,TOTAL,0,0,0,0,0,0,0,NA,0,0,0,0,NA,0,0,0,0,NA,0,0,0,0,NA,0,0,0,0,NA,NA,0,0,0,NA,0,0,0,0,NA,NA,0,0,0,NA,0,0,0,0,NA,0,0,0,0,0,NA,0,0,0,NA,NA,0,0,0,NA,0,NA
M9 [CHILD IMMUNISATION],9.1.4,Child immunisation - DPT2,TOTAL,1,1,0,1,0,0,0,NA,0,0,0,0,NA,0,0,0,0,NA,0,0,0,0,NA,0,0,0,0,NA,NA,0,0,0,NA,0,0,0,0,NA,NA,0,0,0,NA,0,0,0,0,NA,0,0,0,0,0,NA,0,0,0,NA,NA,0,1,1,NA,1,NA
M9 [CHILD IMMUNISATION],9.1.5,Child immunisation - DPT3,TOTAL,15,15,0,2,13,0,0,NA,0,0,0,0,NA,0,0,0,0,NA,0,0,0,0,NA,0,0,13,13,NA,NA,13,0,0,NA,0,0,0,0,NA,NA,0,0,0,NA,0,0,0,0,NA,0,0,0,0,0,NA,0,0,0,NA,NA,0,2,2,NA,2,NA
M9 [CHILD IMMUNISATION],9.1.6,Child immunisation - Pentavalent 1,TOTAL,6086,6056,30,1873,4213,517,517,NA,110,407,519,519,NA,164,355,364,364,NA,42,322,412,412,NA,11,401,716,716,NA,NA,716,254,254,NA,23,231,357,357,NA,NA,357,578,578,NA,85,493,438,438,NA,44,394,170,140,30,NA,170,367,367,NA,NA,367,1394,1394,NA,1394,NA
M9 [CHILD IMMUNISATION],9.1.7,Child immunisation - Pentavalent 2,TOTAL,6196,6165,31,1916,4280,519,519,NA,104,415,548,548,NA,167,381,355,355,NA,38,317,401,401,NA,11,390,725,725,NA,NA,725,251,251,NA,13,238,372,372,NA,NA,372,558,558,NA,70,488,452,452,NA,51,401,163,132,31,NA,163,390,390,NA,NA,390,1462,1462,NA,1462,NA
M9 [CHILD IMMUNISATION],9.1.8,Child immunisation - Pentavalent 3,TOTAL,6223,6193,30,1826,4397,520,520,NA,100,420,533,533,NA,148,385,400,400,NA,41,359,412,412,NA,20,392,766,766,NA,NA,766,243,243,NA,17,226,395,395,NA,NA,395,561,561,NA,81,480,442,442,NA,35,407,179,149,30,NA,179,388,388,NA,NA,388,1384,1384,NA,1384,NA
M9 [CHILD IMMUNISATION],9.1.9,Child immunisation - OPV 0 (Birth Dose),TOTAL,4026,4026,0,1228,2798,372,372,NA,83,289,313,313,NA,41,272,224,224,NA,56,168,383,383,NA,10,373,358,358,NA,NA,358,161,161,NA,22,139,313,313,NA,NA,313,349,349,NA,80,269,206,206,NA,18,188,151,151,0,NA,151,278,278,NA,NA,278,918,918,NA,918,NA
M9 [CHILD IMMUNISATION],9.1.10,Child immunisation - OPV1,TOTAL,6091,6061,30,1871,4220,517,517,NA,110,407,519,519,NA,164,355,364,364,NA,42,322,412,412,NA,11,401,716,716,NA,NA,716,254,254,NA,23,231,358,358,NA,NA,358,578,578,NA,85,493,438,438,NA,44,394,170,140,30,NA,170,373,373,NA,NA,373,1392,1392,NA,1392,NA
M9 [CHILD IMMUNISATION],9.1.11,Child immunisation - OPV2,TOTAL,6186,6155,31,1913,4273,519,519,NA,104,415,546,546,NA,167,379,355,355,NA,38,317,401,401,NA,11,390,725,725,NA,NA,725,251,251,NA,13,238,369,369,NA,NA,369,558,558,NA,70,488,450,450,NA,51,399,163,132,31,NA,163,390,390,NA,NA,390,1459,1459,NA,1459,NA
M9 [CHILD IMMUNISATION],9.1.12,Child immunisation - OPV3,TOTAL,6227,6197,30,1838,4389,520,520,NA,100,420,535,535,NA,148,387,400,400,NA,41,359,412,412,NA,20,392,762,762,NA,NA,762,243,243,NA,17,226,398,398,NA,NA,398,562,562,NA,81,481,437,437,NA,35,402,179,149,30,NA,179,383,383,NA,NA,383,1396,1396,NA,1396,NA
M9 [CHILD IMMUNISATION],9.1.13,Child immunisation - Hepatitis-B0 (Birth Dose),TOTAL,1446,1446,0,767,679,115,115,NA,83,32,72,72,NA,41,31,81,81,NA,55,26,30,30,NA,10,20,121,121,NA,NA,121,57,57,NA,22,35,94,94,NA,NA,94,163,163,NA,80,83,72,72,NA,18,54,15,15,0,NA,15,168,168,NA,NA,168,458,458,NA,458,NA
M9 [CHILD IMMUNISATION],9.1.14,Child immunisation - Hepatitis-B1,TOTAL,0,0,0,0,0,0,0,NA,0,0,0,0,NA,0,0,0,0,NA,0,0,0,0,NA,0,0,0,0,NA,NA,0,0,0,NA,0,0,0,0,NA,NA,0,0,0,NA,0,0,0,0,NA,0,0,0,0,0,NA,0,0,0,NA,NA,0,0,0,NA,0,NA
M9 [CHILD IMMUNISATION],9.1.15,Child immunisation - Hepatitis-B2,TOTAL,0,0,0,0,0,0,0,NA,0,0,0,0,NA,0,0,0,0,NA,0,0,0,0,NA,0,0,0,0,NA,NA,0,0,0,NA,0,0,0,0,NA,NA,0,0,0,NA,0,0,0,0,NA,0,0,0,0,0,NA,0,0,0,NA,NA,0,0,0,NA,0,NA
M9 [CHILD IMMUNISATION],9.1.16,Child immunisation - Hepatitis-B3,TOTAL,0,0,0,0,0,0,0,NA,0,0,0,0,NA,0,0,0,0,NA,0,0,0,0,NA,0,0,0,0,NA,NA,0,0,0,NA,0,0,0,0,NA,NA,0,0,0,NA,0,0,0,0,NA,0,0,0,0,0,NA,0,0,0,NA,NA,0,0,0,NA,0,NA
M9 [CHILD IMMUNISATION],9.1.17,Child immunisation - Inactivated Polio Vaccine 1 (IPV 1),TOTAL,1045,1041,4,778,267,27,27,NA,0,27,29,29,NA,0,29,18,18,NA,0,18,41,41,NA,0,41,9,9,NA,NA,9,40,40,NA,23,17,30,30,NA,NA,30,70,70,NA,31,39,2,2,NA,0,2,4,0,4,NA,4,51,51,NA,NA,51,724,724,NA,724,NA
M9 [CHILD IMMUNISATION],9.1.18,Child immunisation - Inactivated Polio Vaccine 2 (IPV 2),TOTAL,577,571,6,362,215,34,34,NA,0,34,16,16,NA,0,16,31,31,NA,0,31,37,37,NA,0,37,6,6,NA,NA,6,19,19,NA,13,6,2,2,NA,NA,2,58,58,NA,28,30,3,3,NA,0,3,8,2,6,NA,8,42,42,NA,NA,42,321,321,NA,321,NA
M9 [CHILD IMMUNISATION],9.1.19,Child immunisation - Rotavirus 1,TOTAL,2,0,2,0,2,0,0,NA,0,0,0,0,NA,0,0,0,0,NA,0,0,0,0,NA,0,0,0,0,NA,NA,0,0,0,NA,0,0,0,0,NA,NA,0,0,0,NA,0,0,0,0,NA,0,0,2,0,2,NA,2,0,0,NA,NA,0,0,0,NA,0,NA
M9 [CHILD IMMUNISATION],9.1.20,Child immunisation - Rotavirus 2,TOTAL,3,0,3,0,3,0,0,NA,0,0,0,0,NA,0,0,0,0,NA,0,0,0,0,NA,0,0,0,0,NA,NA,0,0,0,NA,0,0,0,0,NA,NA,0,0,0,NA,0,0,0,0,NA,0,0,3,0,3,NA,3,0,0,NA,NA,0,0,0,NA,0,NA
M9 [CHILD IMMUNISATION],9.1.21,Child immunisation - Rotavirus 3,TOTAL,1,0,1,0,1,0,0,NA,0,0,0,0,NA,0,0,0,0,NA,0,0,0,0,NA,0,0,0,0,NA,NA,0,0,0,NA,0,0,0,0,NA,NA,0,0,0,NA,0,0,0,0,NA,0,0,1,0,1,NA,1,0,0,NA,NA,0,0,0,NA,0,NA
M9 [CHILD IMMUNISATION],9.2.1,Child immunisation (9-11months) - Measles & Rubella (MR)- 1st Dose,TOTAL,55,55,0,0,55,0,0,NA,0,0,8,8,NA,0,8,23,23,NA,0,23,0,0,NA,0,0,4,4,NA,NA,4,0,0,NA,0,0,0,0,NA,NA,0,0,0,NA,0,0,20,20,NA,0,20,0,0,0,NA,0,0,0,NA,NA,0,0,0,NA,0,NA
M9 [CHILD IMMUNISATION],9.2.2,Child immunisation (9-11months) - Measles 1st dose,TOTAL,6045,5916,129,1793,4252,446,446,NA,72,374,455,455,NA,114,341,343,343,NA,38,305,425,425,NA,21,404,745,745,NA,NA,745,245,245,NA,27,218,382,382,NA,NA,382,536,536,NA,80,456,441,441,NA,39,402,274,145,129,NA,274,351,351,NA,NA,351,1402,1402,NA,1402,NA
M9 [CHILD IMMUNISATION],9.2.3,Child immunisation (9-11months) - JE 1st dose,TOTAL,0,0,0,0,0,0,0,NA,0,0,0,0,NA,0,0,0,0,NA,0,0,0,0,NA,0,0,0,0,NA,NA,0,0,0,NA,0,0,0,0,NA,NA,0,0,0,NA,0,0,0,0,NA,0,0,0,0,0,NA,0,0,0,NA,NA,0,0,0,NA,0,NA
M9 [CHILD IMMUNISATION],9.2.4.a,Children aged between 9 and 11 months fully immunized- Male,TOTAL,3197,3132,65,903,2294,224,224,NA,38,186,244,244,NA,60,184,187,187,NA,21,166,234,234,NA,12,222,386,386,NA,NA,386,119,119,NA,14,105,228,228,NA,NA,228,298,298,NA,49,249,252,252,NA,22,230,147,82,65,NA,147,191,191,NA,NA,191,687,687,NA,687,NA
M9 [CHILD IMMUNISATION],9.2.4.b,Children aged between 9 and 11 months fully immunized - Female,TOTAL,2830,2766,64,846,1984,222,222,NA,34,188,203,203,NA,54,149,154,154,NA,17,137,191,191,NA,9,182,358,358,NA,NA,358,121,121,NA,13,108,170,170,NA,NA,170,238,238,NA,31,207,198,198,NA,17,181,127,63,64,NA,127,177,177,NA,NA,177,671,671,NA,671,NA
M9 [CHILD IMMUNISATION],9.3.1,Child immunisation - Measles & Rubella (MR)- 1st Dose,TOTAL,0,0,0,0,0,0,0,NA,0,0,0,0,NA,0,0,0,0,NA,0,0,0,0,NA,0,0,0,0,NA,NA,0,0,0,NA,0,0,0,0,NA,NA,0,0,0,NA,0,0,0,0,NA,0,0,0,0,0,NA,0,0,0,NA,NA,0,0,0,NA,0,NA
M9 [CHILD IMMUNISATION],9.3.2,Child immunisation - Measles-1st dose,TOTAL,773,773,0,183,590,0,0,NA,0,0,26,26,NA,0,26,65,65,NA,0,65,0,0,NA,0,0,134,134,NA,NA,134,63,63,NA,27,36,95,95,NA,NA,95,33,33,NA,0,33,64,64,NA,13,51,1,1,0,NA,1,149,149,NA,NA,149,143,143,NA,143,NA
M9 [CHILD IMMUNISATION],9.3.3,Child immunisation - JE 1st dose,TOTAL,0,0,0,0,0,0,0,NA,0,0,0,0,NA,0,0,0,0,NA,0,0,0,0,NA,0,0,0,0,NA,NA,0,0,0,NA,0,0,0,0,NA,NA,0,0,0,NA,0,0,0,0,NA,0,0,0,0,0,NA,0,0,0,NA,NA,0,0,0,NA,0,NA
M9 [CHILD IMMUNISATION],9.4.1,Child immunisation - Measles & Rubella (MR)- 2nd Dose (16-24 months),TOTAL,11,11,0,0,11,0,0,NA,0,0,0,0,NA,0,0,11,11,NA,0,11,0,0,NA,0,0,0,0,NA,NA,0,0,0,NA,0,0,0,0,NA,NA,0,0,0,NA,0,0,0,0,NA,0,0,0,0,0,NA,0,0,0,NA,NA,0,0,0,NA,0,NA
M9 [CHILD IMMUNISATION],9.4.2,Child immunisation - Measles 2nd dose (More than 16 months),TOTAL,3755,3727,28,786,2969,326,326,NA,78,248,253,253,NA,29,224,254,254,NA,36,218,313,313,NA,13,300,381,381,NA,NA,381,206,206,NA,27,179,273,273,NA,NA,273,317,317,NA,28,289,344,344,NA,36,308,117,89,28,NA,117,432,432,NA,NA,432,539,539,NA,539,NA
M9 [CHILD IMMUNISATION],9.4.3,Child immunisation - DPT 1st Booster,TOTAL,3115,3087,28,662,2453,267,267,NA,19,248,251,251,NA,29,222,186,186,NA,36,150,308,308,NA,13,295,339,339,NA,NA,339,171,171,NA,0,171,255,255,NA,NA,255,311,311,NA,28,283,211,211,NA,13,198,117,89,28,NA,117,175,175,NA,NA,175,524,524,NA,524,NA
M9 [CHILD IMMUNISATION],9.4.4,Child immunisation - OPV Booster,TOTAL,3598,3570,28,816,2782,267,267,NA,19,248,257,257,NA,29,228,252,252,NA,36,216,313,313,NA,13,300,383,383,NA,NA,383,208,208,NA,27,181,273,273,NA,NA,273,334,334,NA,28,306,277,277,NA,13,264,117,89,28,NA,117,266,266,NA,NA,266,651,651,NA,651,NA
M9 [CHILD IMMUNISATION],9.4.5,"Child immunisation - Measles, Mumps, Rubella (MMR) Vaccine",TOTAL,41,41,0,34,7,0,0,NA,0,0,6,6,NA,0,6,0,0,NA,0,0,0,0,NA,0,0,0,0,NA,NA,0,0,0,NA,0,0,0,0,NA,NA,0,0,0,NA,0,0,1,1,NA,0,1,0,0,0,NA,0,0,0,NA,NA,0,34,34,NA,34,NA
M9 [CHILD IMMUNISATION],9.4.6,Number of children more than 16 months of age who received Japanese Encephalitis (JE) vaccine,TOTAL,0,0,0,0,0,0,0,NA,0,0,0,0,NA,0,0,0,0,NA,0,0,0,0,NA,0,0,0,0,NA,NA,0,0,0,NA,0,0,0,0,NA,NA,0,0,0,NA,0,0,0,0,NA,0,0,0,0,0,NA,0,0,0,NA,NA,0,0,0,NA,0,NA
M9 [CHILD IMMUNISATION],9.5.1,Child immunisation - Typhoid,TOTAL,11,11,0,0,11,0,0,NA,0,0,11,11,NA,0,11,0,0,NA,0,0,0,0,NA,0,0,0,0,NA,NA,0,0,0,NA,0,0,0,0,NA,NA,0,0,0,NA,0,0,0,0,NA,0,0,0,0,0,NA,0,0,0,NA,NA,0,0,0,NA,0,NA
M9 [CHILD IMMUNISATION],9.5.2,Children more than 5 years received DPT5 (2nd Booster),TOTAL,1318,1318,0,343,975,63,63,NA,0,63,257,257,NA,105,152,108,108,NA,14,94,106,106,NA,14,92,99,99,NA,NA,99,78,78,NA,0,78,125,125,NA,NA,125,117,117,NA,11,106,70,70,NA,4,66,45,45,0,NA,45,55,55,NA,NA,55,195,195,NA,195,NA
M9 [CHILD IMMUNISATION],9.5.3,Children more than 10 years received TT10,TOTAL,4140,4140,0,1688,2452,305,305,NA,168,137,395,395,NA,161,234,252,252,NA,46,206,211,211,NA,36,175,459,459,NA,NA,459,131,131,NA,30,101,306,306,NA,NA,306,415,415,NA,95,320,232,232,NA,22,210,73,73,0,NA,73,231,231,NA,NA,231,1130,1130,NA,1130,NA
M9 [CHILD IMMUNISATION],9.5.4,Children more than 16 years received TT16,TOTAL,4604,4604,0,1963,2641,278,278,NA,140,138,568,568,NA,280,288,281,281,NA,39,242,265,265,NA,53,212,477,477,NA,NA,477,118,118,NA,24,94,338,338,NA,NA,338,632,632,NA,309,323,235,235,NA,15,220,58,58,0,NA,58,251,251,NA,NA,251,1103,1103,NA,1103,NA
M9 [CHILD IMMUNISATION],9.6.1,Number of cases of AEFI - Abscess,TOTAL,0,0,0,0,0,0,0,NA,0,0,0,0,NA,0,0,0,0,NA,0,0,0,0,NA,0,0,0,0,NA,NA,0,0,0,NA,0,0,0,0,NA,NA,0,0,0,NA,0,0,0,0,NA,0,0,0,0,0,NA,0,0,0,NA,NA,0,0,0,NA,0,NA
M9 [CHILD IMMUNISATION],9.6.2,Number of cases of AEFI - Death,TOTAL,0,0,0,0,0,0,0,NA,0,0,0,0,NA,0,0,0,0,NA,0,0,0,0,NA,0,0,0,0,NA,NA,0,0,0,NA,0,0,0,0,NA,NA,0,0,0,NA,0,0,0,0,NA,0,0,0,0,0,NA,0,0,0,NA,NA,0,0,0,NA,0,NA
M9 [CHILD IMMUNISATION],9.6.3,Number of cases of AEFI - Others,TOTAL,0,0,0,0,0,0,0,NA,0,0,0,0,NA,0,0,0,0,NA,0,0,0,0,NA,0,0,0,0,NA,NA,0,0,0,NA,0,0,0,0,NA,NA,0,0,0,NA,0,0,0,0,NA,0,0,0,0,0,NA,0,0,0,NA,NA,0,0,0,NA,0,NA
M9 [CHILD IMMUNISATION],9.7.1,Immunisation sessions planned,TOTAL,2069,2069,0,536,1533,202,202,NA,20,182,243,243,NA,80,163,132,132,NA,15,117,143,143,NA,2,141,213,213,NA,NA,213,98,98,NA,10,88,138,138,NA,NA,138,216,216,NA,60,156,154,154,NA,23,131,67,67,0,NA,67,137,137,NA,NA,137,326,326,NA,326,NA
M9 [CHILD IMMUNISATION],9.7.2,Immunisation sessions held,TOTAL,2067,2067,0,536,1531,202,202,NA,20,182,243,243,NA,80,163,132,132,NA,15,117,143,143,NA,2,141,213,213,NA,NA,213,96,96,NA,10,86,138,138,NA,NA,138,216,216,NA,60,156,154,154,NA,23,131,67,67,0,NA,67,137,137,NA,NA,137,326,326,NA,326,NA
M9 [CHILD IMMUNISATION],9.7.3,Number of Immunisation sessions where ASHAs were present,TOTAL,1752,1752,0,217,1535,178,178,NA,0,178,163,163,NA,0,163,111,111,NA,0,111,141,141,NA,0,141,214,214,NA,NA,214,84,84,NA,0,84,151,151,NA,NA,151,156,156,NA,0,156,129,129,NA,0,129,65,65,0,NA,65,143,143,NA,NA,143,217,217,NA,217,NA
M9 [CHILD IMMUNISATION],9.8.1,Child immunisation - Vitamin A Dose - 1,TOTAL,5910,5880,30,1944,3966,443,443,NA,72,371,451,451,NA,114,337,344,344,NA,38,306,422,422,NA,21,401,653,653,NA,NA,653,256,256,NA,54,202,369,369,NA,NA,369,482,482,NA,80,402,424,424,NA,39,385,175,145,30,NA,175,365,365,NA,NA,365,1526,1526,NA,1526,NA
M9 [CHILD IMMUNISATION],9.8.2,Child immunisation - Vitamin A Dose - 5,TOTAL,2065,2049,16,621,1444,22,22,NA,22,0,135,135,NA,0,135,156,156,NA,11,145,64,64,NA,0,64,242,242,NA,NA,242,106,106,NA,42,64,203,203,NA,NA,203,297,297,NA,28,269,154,154,NA,36,118,29,13,16,NA,29,175,175,NA,NA,175,482,482,NA,482,NA
M9 [CHILD IMMUNISATION],9.8.3,Child immunisation - Vitamin A Dose - 9,TOTAL,1593,1593,0,540,1053,12,12,NA,12,0,38,38,NA,0,38,110,110,NA,10,100,44,44,NA,0,44,154,154,NA,NA,154,85,85,NA,42,43,193,193,NA,NA,193,293,293,NA,11,282,106,106,NA,5,101,11,11,0,NA,11,87,87,NA,NA,87,460,460,NA,460,NA
M9 [CHILD IMMUNISATION],9.9,Number of children (6-59 months) provided 8-10 doses (1ml) of IFA syrup (Bi weekly),TOTAL,33,33,NA,0,33,0,0,NA,0,0,0,0,NA,0,0,0,0,NA,NA,0,0,0,NA,0,0,9,9,NA,NA,9,0,0,NA,0,0,0,0,NA,NA,0,10,10,NA,NA,10,0,0,NA,0,0,0,0,NA,NA,0,14,14,NA,NA,14,0,0,NA,0,NA
M9 [CHILD IMMUNISATION],9.1,Number of children (12-59 months) provided Albendazole,TOTAL,22,22,NA,12,10,0,0,NA,0,0,0,0,NA,0,0,0,0,NA,0,0,0,0,NA,0,0,10,10,NA,NA,10,0,0,NA,0,0,0,0,NA,NA,0,0,0,NA,0,0,0,0,NA,0,0,0,0,NA,NA,0,0,0,NA,NA,0,12,12,NA,12,NA
M9 [CHILD IMMUNISATION],9.11,Number of severely underweight children provided Health Checkup (0-5 yrs),TOTAL,81,81,0,13,68,0,0,NA,0,0,0,0,NA,0,0,0,0,NA,0,0,0,0,NA,0,0,1,1,NA,NA,1,0,0,NA,0,0,0,0,NA,NA,0,5,5,NA,0,5,62,62,NA,0,62,0,0,0,NA,0,0,0,NA,NA,0,13,13,NA,13,NA
M10 [Number of cases of Childhood Diseases (0-5 years)],10.1,Childhood Diseases - Pneumonia,TOTAL,0,0,0,0,0,0,0,NA,0,0,0,0,NA,0,0,0,0,NA,0,0,0,0,NA,0,0,0,0,NA,NA,0,0,0,NA,0,0,0,0,NA,NA,0,0,0,NA,NA,0,0,0,NA,0,0,0,0,0,NA,0,0,0,NA,NA,0,0,0,NA,0,NA
M10 [Number of cases of Childhood Diseases (0-5 years)],10.2,Childhood Diseases - Asthma,TOTAL,0,0,0,0,0,0,0,NA,0,0,0,0,NA,0,0,0,0,NA,0,0,0,0,NA,0,0,0,0,NA,NA,0,0,0,NA,0,0,0,0,NA,NA,0,0,0,NA,NA,0,0,0,NA,0,0,0,0,0,NA,0,0,0,NA,NA,0,0,0,NA,0,NA
M10 [Number of cases of Childhood Diseases (0-5 years)],10.3,Childhood Diseases - Sepsis,TOTAL,0,0,0,0,0,0,0,NA,0,0,0,0,NA,0,0,0,0,NA,0,0,0,0,NA,0,0,0,0,NA,NA,0,0,0,NA,0,0,0,0,NA,NA,0,0,0,NA,NA,0,0,0,NA,0,0,0,0,0,NA,0,0,0,NA,NA,0,0,0,NA,0,NA
M10 [Number of cases of Childhood Diseases (0-5 years)],10.4,Childhood Diseases - Diphtheria,TOTAL,0,0,0,0,0,0,0,NA,0,0,0,0,NA,0,0,0,0,NA,0,0,0,0,NA,0,0,0,0,NA,NA,0,0,0,NA,0,0,0,0,NA,NA,0,0,0,NA,NA,0,0,0,NA,0,0,0,0,0,NA,0,0,0,NA,NA,0,0,0,NA,0,NA
M10 [Number of cases of Childhood Diseases (0-5 years)],10.5,Childhood Diseases - Pertussis,TOTAL,0,0,0,0,0,0,0,NA,0,0,0,0,NA,0,0,0,0,NA,0,0,0,0,NA,0,0,0,0,NA,NA,0,0,0,NA,0,0,0,0,NA,NA,0,0,0,NA,NA,0,0,0,NA,0,0,0,0,0,NA,0,0,0,NA,NA,0,0,0,NA,0,NA
M10 [Number of cases of Childhood Diseases (0-5 years)],10.6,Childhood Diseases - Tetanus Neonatorum,TOTAL,0,0,0,0,0,0,0,NA,0,0,0,0,NA,0,0,0,0,NA,0,0,0,0,NA,0,0,0,0,NA,NA,0,0,0,NA,0,0,0,0,NA,NA,0,0,0,NA,NA,0,0,0,NA,0,0,0,0,0,NA,0,0,0,NA,NA,0,0,0,NA,0,NA
M10 [Number of cases of Childhood Diseases (0-5 years)],10.7,Childhood Diseases - Tuberculosis (TB),TOTAL,0,0,0,0,0,0,0,NA,0,0,0,0,NA,0,0,0,0,NA,0,0,0,0,NA,0,0,0,0,NA,NA,0,0,0,NA,0,0,0,0,NA,NA,0,0,0,NA,NA,0,0,0,NA,0,0,0,0,0,NA,0,0,0,NA,NA,0,0,0,NA,0,NA
M10 [Number of cases of Childhood Diseases (0-5 years)],10.8,Childhood Diseases - Acute Flaccid Paralysis(AFP),TOTAL,0,0,0,0,0,0,0,NA,0,0,0,0,NA,0,0,0,0,NA,0,0,0,0,NA,0,0,0,0,NA,NA,0,0,0,NA,0,0,0,0,NA,NA,0,0,0,NA,NA,0,0,0,NA,0,0,0,0,0,NA,0,0,0,NA,NA,0,0,0,NA,0,NA
M10 [Number of cases of Childhood Diseases (0-5 years)],10.9,Childhood Diseases - Measles,TOTAL,0,0,0,0,0,0,0,NA,0,0,0,0,NA,0,0,0,0,NA,0,0,0,0,NA,0,0,0,0,NA,NA,0,0,0,NA,0,0,0,0,NA,NA,0,0,0,NA,NA,0,0,0,NA,0,0,0,0,0,NA,0,0,0,NA,NA,0,0,0,NA,0,NA
M10 [Number of cases of Childhood Diseases (0-5 years)],10.1,Childhood Diseases - Malaria,TOTAL,0,0,0,0,0,0,0,NA,0,0,0,0,NA,0,0,0,0,NA,0,0,0,0,NA,0,0,0,0,NA,NA,0,0,0,NA,0,0,0,0,NA,NA,0,0,0,NA,NA,0,0,0,NA,0,0,0,0,0,NA,0,0,0,NA,NA,0,0,0,NA,0,NA
M10 [Number of cases of Childhood Diseases (0-5 years)],10.11,Childhood Diseases - Diarrhoea,TOTAL,16,16,0,15,1,0,0,NA,0,0,0,0,NA,0,0,0,0,NA,0,0,0,0,NA,0,0,0,0,NA,NA,0,0,0,NA,0,0,1,1,NA,NA,1,0,0,NA,NA,0,0,0,NA,0,0,0,0,0,NA,0,0,0,NA,NA,0,15,15,NA,15,NA
M10 [Number of cases of Childhood Diseases (0-5 years)],10.12,Childhood Diseases - Diarrhoea treated in Inpatients,TOTAL,8,8,0,7,1,0,0,NA,0,0,0,0,NA,0,0,0,0,NA,0,0,0,0,NA,0,0,0,0,NA,NA,0,0,0,NA,0,0,1,1,NA,NA,1,0,0,NA,NA,0,0,0,NA,0,0,0,0,0,NA,0,0,0,NA,NA,0,7,7,NA,7,NA
M10 [Number of cases of Childhood Diseases (0-5 years)],10.13,Children admitted with upper respiratory infections,TOTAL,0,0,0,0,0,0,0,NA,0,0,0,0,NA,0,0,0,0,NA,0,0,0,0,NA,0,0,0,0,NA,NA,0,0,0,NA,0,0,0,0,NA,NA,0,0,0,NA,NA,0,0,0,NA,0,0,0,0,0,NA,0,0,0,NA,NA,0,0,0,NA,0,NA
M10 [Number of cases of Childhood Diseases (0-5 years)],10.14,Childhood Diseases - Severe Acute Malnutrition (SAM),TOTAL,0,0,0,0,0,0,0,NA,0,0,0,0,NA,0,0,0,0,NA,0,0,0,0,NA,0,0,0,0,NA,NA,0,0,0,NA,0,0,0,0,NA,NA,0,0,0,NA,NA,0,0,0,NA,0,0,0,0,0,NA,0,0,0,NA,NA,0,0,0,NA,0,NA
M11 [NVBDCP],11.1.1.a,Total Blood Smears Examined for Malaria,TOTAL,23895,23895,NA,2376,21519,2001,2001,NA,186,1815,2608,2608,NA,210,2398,1386,1386,NA,521,865,3451,3451,NA,315,3136,4228,4228,NA,NA,4228,1585,1585,NA,298,1287,1643,1643,NA,NA,1643,2008,2008,NA,512,1496,1882,1882,NA,334,1548,1349,1349,NA,NA,1349,1754,1754,NA,NA,1754,0,0,NA,0,NA
M11 [NVBDCP],11.1.1.b,Malaria (Microscopy Tests ) - Plasmodium Vivax test positive,TOTAL,0,0,NA,0,0,0,0,NA,0,0,0,0,NA,0,0,0,0,NA,0,0,0,0,NA,0,0,0,0,NA,NA,0,0,0,NA,0,0,0,0,NA,NA,0,0,0,NA,0,0,0,0,NA,0,0,0,0,NA,NA,0,0,0,NA,NA,0,0,0,NA,0,NA
M11 [NVBDCP],11.1.1.c,Malaria (Microscopy Tests ) - Plasmodium Falciparum test positive,TOTAL,0,0,NA,0,0,0,0,NA,0,0,0,0,NA,0,0,0,0,NA,0,0,0,0,NA,0,0,0,0,NA,NA,0,0,0,NA,0,0,0,0,NA,NA,0,0,0,NA,0,0,0,0,NA,0,0,0,0,NA,NA,0,0,0,NA,NA,0,0,0,NA,0,NA
M11 [NVBDCP],11.1.2.a,RDT conducted for Malaria,TOTAL,841,841,NA,0,841,0,0,NA,0,0,0,0,NA,0,0,55,55,NA,0,55,626,626,NA,0,626,1,1,NA,NA,1,0,0,NA,0,0,0,0,NA,NA,0,0,0,NA,0,0,159,159,NA,0,159,0,0,NA,NA,0,0,0,NA,NA,0,0,0,NA,0,NA
M11 [NVBDCP],11.1.2.b,Malaria (RDT) - Plasmodium Vivax test positive,TOTAL,0,0,NA,0,0,0,0,NA,0,0,0,0,NA,0,0,0,0,NA,0,0,0,0,NA,0,0,0,0,NA,NA,0,0,0,NA,0,0,0,0,NA,NA,0,0,0,NA,0,0,0,0,NA,0,0,0,0,NA,NA,0,0,0,NA,NA,0,0,0,NA,0,NA
M11 [NVBDCP],11.1.2.c,Malaria (RDT) - Plamodium Falciparum test positive,TOTAL,0,0,NA,0,0,0,0,NA,0,0,0,0,NA,0,0,0,0,NA,0,0,0,0,NA,0,0,0,0,NA,NA,0,0,0,NA,0,0,0,0,NA,NA,0,0,0,NA,0,0,0,0,NA,0,0,0,0,NA,NA,0,0,0,NA,NA,0,0,0,NA,0,NA
M11 [NVBDCP],11.2.1,Kala Azar (RDT) - Tests Conducted,TOTAL,0,0,NA,0,0,0,0,NA,0,0,0,0,NA,0,0,0,0,NA,0,0,0,0,NA,0,0,0,0,NA,NA,0,0,0,NA,0,0,0,0,NA,NA,0,0,0,NA,0,0,0,0,NA,0,0,0,0,NA,NA,0,0,0,NA,NA,0,0,0,NA,0,NA
M11 [NVBDCP],11.2.2,Kala Azar Positive Cases,TOTAL,0,0,NA,0,0,0,0,NA,0,0,0,0,NA,0,0,0,0,NA,0,0,0,0,NA,0,0,0,0,NA,NA,0,0,0,NA,0,0,0,0,NA,NA,0,0,0,NA,0,0,0,0,NA,0,0,0,0,NA,NA,0,0,0,NA,NA,0,0,0,NA,0,NA
M11 [NVBDCP],11.2.3,Post-kala-azar dermal leishmaniasis (PKDL) cases,TOTAL,0,0,NA,0,0,0,0,NA,0,0,0,0,NA,0,0,0,0,NA,0,0,0,0,NA,0,0,0,0,NA,NA,0,0,0,NA,0,0,0,0,NA,NA,0,0,0,NA,0,0,0,0,NA,0,0,0,0,NA,NA,0,0,0,NA,NA,0,0,0,NA,0,NA
M11 [NVBDCP],11.3.1,Dengue - RDT Test Positive,TOTAL,0,0,NA,0,0,0,0,NA,0,0,0,0,NA,0,0,0,0,NA,0,0,0,0,NA,0,0,0,0,NA,NA,0,0,0,NA,0,0,0,0,NA,NA,0,0,0,NA,0,0,0,0,NA,0,0,0,0,NA,NA,0,0,0,NA,NA,0,0,0,NA,0,NA
M11 [NVBDCP],11.3.2,Dengue - Enzyme- Linked Immuno Sorbent Assay (ELISA) Test Positive,TOTAL,0,0,NA,0,0,NA,NA,NA,NA,NA,NA,NA,NA,NA,NA,0,0,NA,0,NA,NA,NA,NA,NA,NA,0,0,NA,NA,0,NA,NA,NA,NA,NA,NA,NA,NA,NA,NA,0,0,NA,0,NA,NA,NA,NA,NA,NA,NA,NA,NA,NA,NA,NA,NA,NA,NA,NA,NA,NA,NA,NA,NA
M11 [NVBDCP],11.4.1,Tests Conducted for JE,TOTAL,0,0,NA,0,0,NA,NA,NA,NA,NA,NA,NA,NA,NA,NA,0,0,NA,0,NA,NA,NA,NA,NA,NA,0,0,NA,NA,0,NA,NA,NA,NA,NA,NA,NA,NA,NA,NA,0,0,NA,0,NA,NA,NA,NA,NA,NA,NA,NA,NA,NA,NA,NA,NA,NA,NA,NA,NA,NA,NA,NA,NA
M11 [NVBDCP],11.4.2,Tests Positive for JE,TOTAL,0,0,NA,0,0,NA,NA,NA,NA,NA,NA,NA,NA,NA,NA,0,0,NA,0,NA,NA,NA,NA,NA,NA,0,0,NA,NA,0,NA,NA,NA,NA,NA,NA,NA,NA,NA,NA,0,0,NA,0,NA,NA,NA,NA,NA,NA,NA,NA,NA,NA,NA,NA,NA,NA,NA,NA,NA,NA,NA,NA,NA
M12 [Adolscent Health],12.1.1.a,Girls registered in AFHC,TOTAL,1098,1098,NA,19,1079,0,0,NA,0,0,39,39,NA,19,20,17,17,NA,0,17,5,5,NA,0,5,25,25,NA,NA,25,0,0,NA,0,0,11,11,NA,NA,11,751,751,NA,0,751,250,250,NA,0,250,0,0,NA,NA,0,0,0,NA,NA,0,0,0,NA,0,NA
M12 [Adolscent Health],12.1.1.b,Boys registered in AFHC,TOTAL,1008,1008,NA,31,977,0,0,NA,0,0,47,47,NA,31,16,14,14,NA,0,14,0,0,NA,0,0,21,21,NA,NA,21,0,0,NA,0,0,13,13,NA,NA,13,839,839,NA,0,839,74,74,NA,0,74,0,0,NA,NA,0,0,0,NA,NA,0,0,0,NA,0,NA
M12 [Adolscent Health],12.1.2.a,"Out of registered, Girls received clinical services",TOTAL,868,868,NA,19,849,0,0,NA,0,0,39,39,NA,19,20,9,9,NA,0,9,5,5,NA,0,5,25,25,NA,NA,25,0,0,NA,0,0,5,5,NA,NA,5,730,730,NA,0,730,55,55,NA,0,55,0,0,NA,NA,0,0,0,NA,NA,0,0,0,NA,0,NA
M12 [Adolscent Health],12.1.2.b,"Out of registered, Boys received clinical services",TOTAL,934,934,NA,31,903,0,0,NA,0,0,47,47,NA,31,16,6,6,NA,0,6,0,0,NA,0,0,21,21,NA,NA,21,0,0,NA,0,0,4,4,NA,NA,4,821,821,NA,0,821,35,35,NA,0,35,0,0,NA,NA,0,0,0,NA,NA,0,0,0,NA,0,NA
M12 [Adolscent Health],12.1.3.a,"Out of registered, Girls received counselling",TOTAL,1052,1052,NA,19,1033,0,0,NA,0,0,34,34,NA,19,15,13,13,NA,0,13,18,18,NA,0,18,0,0,NA,NA,0,0,0,NA,0,0,5,5,NA,NA,5,747,747,NA,0,747,235,235,NA,0,235,0,0,NA,NA,0,0,0,NA,NA,0,0,0,NA,0,NA
M12 [Adolscent Health],12.1.3.b,"Out of registered, Boys received counselling",TOTAL,959,959,NA,31,928,0,0,NA,0,0,41,41,NA,31,10,11,11,NA,0,11,0,0,NA,0,0,0,0,NA,NA,0,0,0,NA,0,0,4,4,NA,NA,4,833,833,NA,0,833,70,70,NA,0,70,0,0,NA,NA,0,0,0,NA,NA,0,0,0,NA,0,NA
"M13 [Directly Observed Treatment, Short-course (DOTS)]",13.1,Number of on-going DOTS patients registered,TOTAL,122,122,NA,19,103,1,1,NA,0,1,5,5,NA,2,3,0,0,NA,0,0,26,26,NA,2,24,19,19,NA,NA,19,14,14,NA,NA,14,21,21,NA,NA,21,5,5,NA,0,5,10,10,NA,6,4,1,1,NA,NA,1,11,11,NA,NA,11,9,9,NA,9,NA
"M13 [Directly Observed Treatment, Short-course (DOTS)]",13.2,Number of DOTS cases completed successfully,TOTAL,38,38,NA,5,33,1,1,NA,0,1,9,9,NA,5,4,1,1,NA,0,1,1,1,NA,0,1,8,8,NA,NA,8,2,2,NA,0,2,3,3,NA,NA,3,4,4,NA,0,4,2,2,NA,0,2,4,4,NA,NA,4,3,3,NA,NA,3,0,0,NA,0,NA
M14 [Patient Services],14.1.1,Outpatient - Diabetes,TOTAL,332,332,NA,187,145,0,0,NA,0,0,30,30,NA,25,5,9,9,NA,0,9,164,164,NA,162,2,28,28,NA,NA,28,0,0,NA,0,0,23,23,NA,NA,23,14,14,NA,0,14,13,13,NA,0,13,43,43,NA,NA,43,8,8,NA,NA,8,0,0,NA,0,NA
M14 [Patient Services],14.1.2,Outpatient - Hypertension,TOTAL,289,289,NA,43,246,0,0,NA,0,0,28,28,NA,20,8,4,4,NA,0,4,26,26,NA,23,3,36,36,NA,NA,36,6,6,NA,0,6,65,65,NA,NA,65,19,19,NA,0,19,10,10,NA,0,10,70,70,NA,NA,70,25,25,NA,NA,25,0,0,NA,0,NA
M14 [Patient Services],14.1.3,Outpatient - Stroke (Paralysis),TOTAL,3,3,NA,0,3,0,0,NA,0,0,0,0,NA,0,0,0,0,NA,0,0,0,0,NA,0,0,0,0,NA,NA,0,0,0,NA,0,0,0,0,NA,NA,0,3,3,NA,0,3,0,0,NA,0,0,0,0,NA,NA,0,0,0,NA,NA,0,0,0,NA,0,NA
M14 [Patient Services],14.1.4,Outpatient - Acute Heart Diseases,TOTAL,6,6,NA,0,6,0,0,NA,0,0,0,0,NA,0,0,0,0,NA,0,0,0,0,NA,0,0,2,2,NA,NA,2,0,0,NA,0,0,4,4,NA,NA,4,0,0,NA,0,0,0,0,NA,0,0,0,0,NA,NA,0,0,0,NA,NA,0,0,0,NA,0,NA
M14 [Patient Services],14.1.5,Outpatient - Mental illness,TOTAL,0,0,NA,0,0,0,0,NA,0,0,0,0,NA,0,0,0,0,NA,0,0,0,0,NA,0,0,0,0,NA,NA,0,0,0,NA,0,0,0,0,NA,NA,0,0,0,NA,0,0,0,0,NA,0,0,0,0,NA,NA,0,0,0,NA,NA,0,0,0,NA,0,NA
M14 [Patient Services],14.1.6,Outpatient - Epilepsy,TOTAL,15,15,NA,0,15,0,0,NA,0,0,0,0,NA,0,0,0,0,NA,0,0,0,0,NA,0,0,0,0,NA,NA,0,0,0,NA,0,0,0,0,NA,NA,0,0,0,NA,0,0,0,0,NA,0,0,0,0,NA,NA,0,15,15,NA,NA,15,0,0,NA,0,NA
M14 [Patient Services],14.1.7,Outpatient - Ophthalmic Related,TOTAL,1360,1360,NA,110,1250,0,0,NA,0,0,23,23,NA,0,23,152,152,NA,0,152,114,114,NA,110,4,560,560,NA,NA,560,0,0,NA,0,0,302,302,NA,NA,302,108,108,NA,0,108,37,37,NA,0,37,20,20,NA,NA,20,44,44,NA,NA,44,0,0,NA,0,NA
M14 [Patient Services],14.1.8,Outpatient - Dental,TOTAL,913,913,NA,389,524,38,38,NA,38,0,200,200,NA,194,6,18,18,NA,17,1,2,2,NA,0,2,264,264,NA,NA,264,28,28,NA,19,9,200,200,NA,NA,200,152,152,NA,121,31,2,2,NA,0,2,6,6,NA,NA,6,3,3,NA,NA,3,0,0,NA,0,NA
M14 [Patient Services],14.1.9,Outpatient - Oncology,TOTAL,4,4,NA,0,4,0,0,NA,0,NA,0,0,NA,0,0,0,0,NA,0,NA,0,0,NA,0,0,4,4,NA,NA,4,0,0,NA,0,NA,NA,NA,NA,NA,NA,0,0,NA,0,0,0,0,NA,0,NA,0,0,NA,NA,0,0,0,NA,NA,0,0,0,NA,0,NA
M14 [Patient Services],14.2.1,Allopathic- Outpatient attendance,TOTAL,158602,158602,NA,39737,118865,15082,15082,NA,4838,10244,9628,9628,NA,4090,5538,8721,8721,NA,4616,4105,18660,18660,NA,2447,16213,17661,17661,NA,NA,17661,10956,10956,NA,2872,8084,15656,15656,NA,NA,15656,25234,25234,NA,10370,14864,9842,9842,NA,3054,6788,7436,7436,NA,NA,7436,12276,12276,NA,NA,12276,7450,7450,NA,7450,NA
M14 [Patient Services],14.2.2,Ayush - Outpatient attendance,TOTAL,6735,6735,NA,4239,2496,640,640,NA,640,0,312,312,NA,0,312,903,903,NA,903,0,861,861,NA,861,0,1304,1304,NA,NA,1304,910,910,NA,910,0,572,572,NA,NA,572,885,885,NA,577,308,348,348,NA,348,0,0,0,NA,NA,0,0,0,NA,NA,0,0,0,NA,0,NA
M14 [Patient Services],14.3.1.a,Inpatient (Male)- Children<18yrs,TOTAL,713,713,NA,217,496,116,116,NA,87,29,4,4,NA,0,4,33,33,NA,30,3,38,38,NA,9,29,58,58,NA,NA,58,17,17,NA,14,3,84,84,NA,NA,84,79,79,NA,48,31,72,72,NA,17,55,143,143,NA,NA,143,57,57,NA,NA,57,12,12,NA,12,NA
M14 [Patient Services],14.3.1.b,Inpatient (Male)- Adults,TOTAL,2677,2677,NA,731,1946,316,316,NA,148,168,277,277,NA,116,161,92,92,NA,52,40,161,161,NA,56,105,225,225,NA,NA,225,186,186,NA,0,186,191,191,NA,NA,191,446,446,NA,237,209,196,196,NA,35,161,372,372,NA,NA,372,128,128,NA,NA,128,87,87,NA,87,NA
M14 [Patient Services],14.3.2.a,Inpatient (Female)- Children<18yrs,TOTAL,659,659,NA,204,455,129,129,NA,104,25,2,2,NA,0,2,44,44,NA,39,5,29,29,NA,5,24,69,69,NA,NA,69,25,25,NA,7,18,79,79,NA,NA,79,73,73,NA,42,31,41,41,NA,3,38,119,119,NA,NA,119,45,45,NA,NA,45,4,4,NA,4,NA
M14 [Patient Services],14.3.2.b,Inpatient (Female)- Adults,TOTAL,6475,6475,NA,2036,4439,762,762,NA,271,491,654,654,NA,339,315,303,303,NA,126,177,375,375,NA,86,289,601,601,NA,NA,601,396,396,NA,34,362,346,346,NA,NA,346,990,990,NA,412,578,403,403,NA,134,269,707,707,NA,NA,707,304,304,NA,NA,304,634,634,NA,634,NA
M14 [Patient Services],14.3.3,Number of Left Against Medical Advice (LAMA) cases,TOTAL,61,61,NA,8,53,0,0,NA,0,0,5,5,NA,5,0,0,0,NA,0,0,0,0,NA,0,0,9,9,NA,NA,9,0,0,NA,0,0,1,1,NA,NA,1,0,0,NA,0,0,3,3,NA,3,0,0,0,NA,NA,0,43,43,NA,NA,43,0,0,NA,0,NA
M14 [Patient Services],14.4.1,Inpatient - Malaria,TOTAL,0,0,NA,0,0,0,0,NA,0,0,0,0,NA,0,0,0,0,NA,0,0,0,0,NA,0,0,0,0,NA,NA,0,0,0,NA,0,0,0,0,NA,NA,0,0,0,NA,0,0,0,0,NA,0,0,0,0,NA,NA,0,0,0,NA,NA,0,0,0,NA,0,NA
M14 [Patient Services],14.4.2,Inpatient - Dengue,TOTAL,0,0,NA,0,0,0,0,NA,0,0,0,0,NA,0,0,0,0,NA,0,0,0,0,NA,0,0,0,0,NA,NA,0,0,0,NA,0,0,0,0,NA,NA,0,0,0,NA,0,0,0,0,NA,0,0,0,0,NA,NA,0,0,0,NA,NA,0,0,0,NA,0,NA
M14 [Patient Services],14.4.3,Inpatient - Typhoid,TOTAL,10,10,NA,6,4,0,0,NA,0,0,0,0,NA,0,0,0,0,NA,0,0,0,0,NA,0,0,0,0,NA,NA,0,1,1,NA,1,0,0,0,NA,NA,0,3,3,NA,0,3,5,5,NA,5,0,0,0,NA,NA,0,1,1,NA,NA,1,0,0,NA,0,NA
M14 [Patient Services],14.4.4,"Inpatient - Asthma, Chronic Obstructive Pulmonary Disease (COPD), Respiratory infections",TOTAL,34,34,NA,9,25,0,0,NA,0,0,4,4,NA,2,2,0,0,NA,0,0,7,7,NA,7,0,1,1,NA,NA,1,2,2,NA,0,2,10,10,NA,NA,10,10,10,NA,0,10,0,0,NA,0,0,0,0,NA,NA,0,0,0,NA,NA,0,0,0,NA,0,NA
M14 [Patient Services],14.4.5,Inpatient - Tuberculosis,TOTAL,9,9,NA,0,9,0,0,NA,0,0,0,0,NA,0,0,0,0,NA,0,0,0,0,NA,0,0,1,1,NA,NA,1,1,1,NA,0,1,4,4,NA,NA,4,3,3,NA,0,3,0,0,NA,0,0,0,0,NA,NA,0,0,0,NA,NA,0,0,0,NA,0,NA
M14 [Patient Services],14.4.6,Inpatient - Pyrexia of unknown origin (PUO),TOTAL,167,167,NA,40,127,0,0,NA,0,0,32,32,NA,32,0,0,0,NA,0,0,8,8,NA,8,0,2,2,NA,NA,2,0,0,NA,0,0,33,33,NA,NA,33,20,20,NA,0,20,0,0,NA,0,0,0,0,NA,NA,0,72,72,NA,NA,72,0,0,NA,0,NA
M14 [Patient Services],14.4.7,Inpatient - Diarrhea with dehydration,TOTAL,209,209,NA,30,179,0,0,NA,0,0,4,4,NA,4,0,6,6,NA,0,6,43,43,NA,17,26,45,45,NA,NA,45,10,10,NA,1,9,28,28,NA,NA,28,7,7,NA,0,7,8,8,NA,8,0,3,3,NA,NA,3,55,55,NA,NA,55,0,0,NA,0,NA
M14 [Patient Services],14.4.8,Inpatient - Hepatitis,TOTAL,0,0,NA,0,0,0,0,NA,0,0,0,0,NA,0,0,0,0,NA,0,0,0,0,NA,0,0,0,0,NA,NA,0,0,0,NA,0,0,0,0,NA,NA,0,0,0,NA,0,0,0,0,NA,0,0,0,0,NA,NA,0,0,0,NA,NA,0,0,0,NA,0,NA
M14 [Patient Services],14.5,Patients registered at Emergency Department,TOTAL,276,276,NA,79,197,0,0,NA,0,NA,0,0,NA,0,0,0,0,NA,0,NA,27,27,NA,27,0,119,119,NA,NA,119,0,0,NA,0,NA,72,72,NA,NA,72,0,0,NA,0,0,52,52,NA,52,NA,0,0,NA,NA,0,6,6,NA,NA,6,0,0,NA,0,NA
M14 [Patient Services],14.6.1,"Emergency - Trauma ( accident, injury, poisoning etc)",TOTAL,126,126,NA,13,113,8,8,NA,8,NA,0,0,NA,0,0,0,0,NA,0,NA,6,6,NA,4,2,19,19,NA,NA,19,0,0,NA,0,NA,92,92,NA,NA,92,0,0,NA,0,0,1,1,NA,1,NA,0,0,NA,NA,0,0,0,NA,NA,0,0,0,NA,0,NA
M14 [Patient Services],14.6.2,Emergency - Burn,TOTAL,7,7,NA,0,7,0,0,NA,0,NA,0,0,NA,0,0,0,0,NA,0,NA,0,0,NA,0,0,7,7,NA,NA,7,0,0,NA,0,NA,0,0,NA,NA,0,0,0,NA,0,0,0,0,NA,0,NA,0,0,NA,NA,0,0,0,NA,NA,0,0,0,NA,0,NA
M14 [Patient Services],14.6.3,Emergency - Obstetrics complications,TOTAL,70,70,NA,66,4,42,42,NA,42,NA,4,4,NA,4,0,0,0,NA,0,NA,21,21,NA,20,1,3,3,NA,NA,3,0,0,NA,0,NA,0,0,NA,NA,0,0,0,NA,0,0,0,0,NA,0,NA,0,0,NA,NA,0,0,0,NA,NA,0,0,0,NA,0,NA
M14 [Patient Services],14.6.4,Emergency - Snake Bite,TOTAL,34,34,NA,17,17,4,4,NA,4,NA,0,0,NA,0,0,0,0,NA,0,NA,4,4,NA,3,1,9,9,NA,NA,9,0,0,NA,0,NA,7,7,NA,NA,7,0,0,NA,0,0,10,10,NA,10,NA,0,0,NA,NA,0,0,0,NA,NA,0,0,0,NA,0,NA
M14 [Patient Services],14.6.5,Emergency - Acute Caridiac Emergencies,TOTAL,4,4,NA,2,2,2,2,NA,2,NA,0,0,NA,0,0,0,0,NA,0,NA,0,0,NA,0,0,2,2,NA,NA,2,0,0,NA,0,NA,NA,NA,NA,NA,NA,0,0,NA,0,0,0,0,NA,0,NA,0,0,NA,NA,0,0,0,NA,NA,0,0,0,NA,0,NA
M14 [Patient Services],14.6.7,Emergency - CVA ( Cerebovascular Disease),TOTAL,2,2,NA,2,0,2,2,NA,2,NA,0,0,NA,0,0,0,0,NA,0,NA,0,0,NA,0,0,0,0,NA,NA,0,0,0,NA,0,NA,NA,NA,NA,NA,NA,0,0,NA,0,0,0,0,NA,0,NA,0,0,NA,NA,0,0,0,NA,NA,0,0,0,NA,0,NA
M14 [Patient Services],14.7,Number of deaths occurring at Emergency Department,TOTAL,0,0,NA,0,0,0,0,NA,0,NA,0,0,NA,0,0,0,0,NA,0,NA,0,0,NA,0,0,0,0,NA,NA,0,0,0,NA,0,NA,NA,NA,NA,NA,NA,0,0,NA,0,0,0,0,NA,0,NA,0,0,NA,NA,0,0,0,NA,NA,0,0,0,NA,0,NA
M14 [Patient Services],14.8.1,Operation major (General and spinal anaesthesia),TOTAL,551,551,NA,430,121,0,0,NA,0,0,140,140,NA,140,0,14,14,NA,14,0,13,13,NA,13,0,0,0,NA,NA,0,9,9,NA,9,0,41,41,NA,NA,41,151,151,NA,138,13,112,112,NA,112,0,57,57,NA,NA,57,10,10,NA,NA,10,4,4,NA,4,NA
M14 [Patient Services],14.8.2,"Out of Operation major, Gynecology- Hysterectomy surgeries",TOTAL,0,0,NA,0,0,0,0,NA,0,0,0,0,NA,0,0,0,0,NA,0,0,0,0,NA,0,0,0,0,NA,NA,0,0,0,NA,NA,0,0,0,NA,NA,0,0,0,NA,0,0,0,0,NA,0,0,0,0,NA,NA,0,0,0,NA,NA,0,0,0,NA,0,NA
M14 [Patient Services],14.8.3,"Major Surgeries excluding Obstetrics, Gynaecology and Opthalmology etc.",TOTAL,NA,NA,NA,NA,NA,NA,NA,NA,NA,NA,NA,NA,NA,NA,NA,NA,NA,NA,NA,NA,NA,NA,NA,NA,NA,NA,NA,NA,NA,NA,NA,NA,NA,NA,NA,NA,NA,NA,NA,NA,NA,NA,NA,NA,NA,NA,NA,NA,NA,NA,NA,NA,NA,NA,NA,NA,NA,NA,NA,NA,NA,NA,NA,NA,NA
M14 [Patient Services],14.8.4,Operation minor (No or local anaesthesia),TOTAL,615,615,NA,231,384,36,36,NA,36,0,12,12,NA,7,5,48,48,NA,48,0,20,20,NA,16,4,106,106,NA,NA,106,2,2,NA,2,0,76,76,NA,NA,76,106,106,NA,94,12,74,74,NA,10,64,4,4,NA,NA,4,113,113,NA,NA,113,18,18,NA,18,NA
M14 [Patient Services],14.8.5,Number of post operative Surgical Site infection,TOTAL,NA,NA,NA,NA,NA,NA,NA,NA,NA,NA,NA,NA,NA,NA,NA,NA,NA,NA,NA,NA,NA,NA,NA,NA,NA,NA,NA,NA,NA,NA,NA,NA,NA,NA,NA,NA,NA,NA,NA,NA,NA,NA,NA,NA,NA,NA,NA,NA,NA,NA,NA,NA,NA,NA,NA,NA,NA,NA,NA,NA,NA,NA,NA,NA,NA
M14 [Patient Services],14.8.6,Number of blood units issued,TOTAL,10,10,NA,0,10,0,0,NA,0,0,0,0,NA,0,0,0,0,NA,0,0,0,0,NA,0,0,10,10,NA,NA,10,0,0,NA,0,0,0,0,NA,NA,0,0,0,NA,0,0,0,0,NA,0,0,0,0,NA,NA,0,0,0,NA,NA,0,0,0,NA,0,NA
M14 [Patient Services],14.8.7,Number of blood transfusions done,TOTAL,10,10,NA,0,10,0,0,NA,0,0,0,0,NA,0,0,0,0,NA,0,0,0,0,NA,0,0,10,10,NA,NA,10,0,0,NA,0,0,0,0,NA,NA,0,0,0,NA,0,0,0,0,NA,0,0,0,0,NA,NA,0,0,0,NA,NA,0,0,0,NA,0,NA
M14 [Patient Services],14.9.1,Inpatient Deaths - Male,TOTAL,0,0,NA,0,0,0,0,NA,0,0,0,0,NA,0,0,0,0,NA,0,0,0,0,NA,0,0,0,0,NA,NA,0,0,0,NA,0,0,0,0,NA,NA,0,0,0,NA,0,0,0,0,NA,0,0,0,0,NA,NA,0,0,0,NA,NA,0,0,0,NA,0,NA
M14 [Patient Services],14.9.2,Inpatient Deaths - Female,TOTAL,0,0,NA,0,0,0,0,NA,0,0,0,0,NA,0,0,0,0,NA,0,0,0,0,NA,0,0,0,0,NA,NA,0,0,0,NA,0,0,0,0,NA,NA,0,0,0,NA,0,0,0,0,NA,0,0,0,0,NA,NA,0,0,0,NA,NA,0,0,0,NA,0,NA
M14 [Patient Services],14.1,In-Patient Head Count at midnight,TOTAL,7029,7029,NA,4231,2798,788,788,NA,788,0,958,958,NA,648,310,422,422,NA,422,0,731,731,NA,275,456,802,802,NA,NA,802,251,251,NA,197,54,516,516,NA,NA,516,1775,1775,NA,1548,227,353,353,NA,353,0,243,243,NA,NA,243,190,190,NA,NA,190,0,0,NA,0,NA
M14 [Patient Services],14.11,Number of Admission in NBSU ( New Born Stabilisation Unit),TOTAL,95,95,NA,87,8,69,69,NA,69,0,0,0,NA,0,0,0,0,NA,0,0,0,0,NA,0,0,6,6,NA,NA,6,0,0,NA,0,0,2,2,NA,NA,2,0,0,NA,0,0,18,18,NA,18,0,0,0,NA,NA,0,0,0,NA,NA,0,0,0,NA,0,NA
M14 [Patient Services],14.12.1,Special Newborn Care Unit (SNCU Admissions) - Inborn Male,TOTAL,20,20,NA,20,0,0,0,NA,0,NA,0,0,NA,0,0,0,0,NA,0,NA,0,0,NA,0,0,0,0,NA,NA,0,0,0,NA,0,NA,NA,NA,NA,NA,NA,20,20,NA,20,0,0,0,NA,0,NA,NA,NA,NA,NA,NA,0,0,NA,NA,0,0,0,NA,0,NA
M14 [Patient Services],14.12.2,Special Newborn Care Unit (SNCU Admissions) - Inborn Female,TOTAL,13,13,NA,13,0,0,0,NA,0,NA,0,0,NA,0,0,0,0,NA,0,NA,0,0,NA,0,0,0,0,NA,NA,0,0,0,NA,0,NA,NA,NA,NA,NA,NA,13,13,NA,13,0,0,0,NA,0,NA,NA,NA,NA,NA,NA,0,0,NA,NA,0,0,0,NA,0,NA
M14 [Patient Services],14.12.3,Outborn  Male,TOTAL,2,2,NA,2,0,0,0,NA,0,NA,0,0,NA,0,0,0,0,NA,0,NA,0,0,NA,0,0,0,0,NA,NA,0,0,0,NA,0,NA,NA,NA,NA,NA,NA,2,2,NA,2,0,0,0,NA,0,NA,NA,NA,NA,NA,NA,0,0,NA,NA,0,0,0,NA,0,NA
M14 [Patient Services],14.12.4,Outborn - Female,TOTAL,1,1,NA,1,0,0,0,NA,0,NA,0,0,NA,0,0,0,0,NA,0,NA,0,0,NA,0,0,0,0,NA,NA,0,0,0,NA,0,NA,NA,NA,NA,NA,NA,1,1,NA,1,0,0,0,NA,0,NA,NA,NA,NA,NA,NA,0,0,NA,NA,0,0,0,NA,0,NA
M14 [Patient Services],14.12.5,Number of newborns admitted in SNCU - referred by ASHA,TOTAL,0,0,NA,0,0,0,0,NA,0,NA,0,0,NA,0,0,0,0,NA,0,NA,0,0,NA,0,0,0,0,NA,NA,0,0,0,NA,0,NA,NA,NA,NA,NA,NA,0,0,NA,0,0,0,0,NA,0,NA,NA,NA,NA,NA,NA,0,0,NA,NA,0,0,0,NA,0,NA
M14 [Patient Services],14.13,Number of deaths occurring at SNCU,TOTAL,0,0,NA,0,0,0,0,NA,0,NA,0,0,NA,0,0,0,0,NA,0,NA,0,0,NA,0,0,0,0,NA,NA,0,0,0,NA,0,NA,NA,NA,NA,NA,NA,0,0,NA,0,0,0,0,NA,0,NA,NA,NA,NA,NA,NA,0,0,NA,NA,0,0,0,NA,0,NA
M14 [Patient Services],14.14.1,Number of children admitted in NRC,TOTAL,6,6,NA,6,0,0,0,NA,0,0,0,0,NA,0,0,0,0,NA,0,0,0,0,NA,0,0,0,0,NA,NA,0,0,0,NA,0,0,0,0,NA,NA,0,6,6,NA,6,0,0,0,NA,0,0,0,0,NA,NA,0,0,0,NA,NA,0,0,0,NA,0,NA
M14 [Patient Services],14.14.2,Number of children discharged with target weight gain from the NRCs,TOTAL,6,6,NA,6,0,0,0,NA,0,0,0,0,NA,0,0,0,0,NA,0,0,0,0,NA,0,0,0,0,NA,NA,0,0,0,NA,0,0,0,0,NA,NA,0,6,6,NA,6,0,0,0,NA,0,0,0,0,NA,NA,0,0,0,NA,NA,0,0,0,NA,0,NA
M14 [Patient Services],14.15,Number of Rogi Kalyan Samiti (RKS) meetings held,TOTAL,1,1,NA,0,1,0,0,NA,0,0,0,0,NA,0,0,0,0,NA,0,0,0,0,NA,0,0,0,0,NA,NA,0,0,0,NA,0,0,0,0,NA,NA,0,0,0,NA,0,0,0,0,NA,0,0,0,0,NA,NA,0,1,1,NA,NA,1,0,0,NA,0,NA
M14 [Patient Services],14.16,Number of Anganwadi centres/ UPHCs reported to have conducted Village Health & Nutrition Day (VHNDs)/ Urban Health & Nutrition Day (UHNDs)/ Outreach / Special Outreach,TOTAL,1256,1256,NA,9,1247,0,0,NA,NA,0,69,69,NA,NA,69,212,212,NA,NA,212,90,90,NA,NA,90,196,196,NA,NA,196,69,69,NA,NA,69,126,126,NA,NA,126,214,214,NA,NA,214,162,162,NA,NA,162,33,33,NA,NA,33,76,76,NA,NA,76,9,9,NA,9,NA
M14 [Patient Services],14.17,Stock out rate of essential Drugs,TOTAL,NA,NA,NA,NA,NA,NA,NA,NA,NA,NA,NA,NA,NA,NA,NA,NA,NA,NA,NA,NA,NA,NA,NA,NA,NA,NA,NA,NA,NA,NA,NA,NA,NA,NA,NA,NA,NA,NA,NA,NA,NA,NA,NA,NA,NA,NA,NA,NA,NA,NA,NA,NA,NA,NA,NA,NA,NA,NA,NA,NA,NA,NA,NA,NA,NA
M14 [Patient Services],14.18,Blood Units Issued on replacement (Family Donors to be considered as replacement donations),TOTAL,NA,NA,NA,NA,NA,NA,NA,NA,NA,NA,NA,NA,NA,NA,NA,NA,NA,NA,NA,NA,NA,NA,NA,NA,NA,NA,NA,NA,NA,NA,NA,NA,NA,NA,NA,NA,NA,NA,NA,NA,NA,NA,NA,NA,NA,NA,NA,NA,NA,NA,NA,NA,NA,NA,NA,NA,NA,NA,NA,NA,NA,NA,NA,NA,NA
M14 [Patient Services],14.19,Total number of blood units issued in year,TOTAL,NA,NA,NA,NA,NA,NA,NA,NA,NA,NA,NA,NA,NA,NA,NA,NA,NA,NA,NA,NA,NA,NA,NA,NA,NA,NA,NA,NA,NA,NA,NA,NA,NA,NA,NA,NA,NA,NA,NA,NA,NA,NA,NA,NA,NA,NA,NA,NA,NA,NA,NA,NA,NA,NA,NA,NA,NA,NA,NA,NA,NA,NA,NA,NA,NA
M14 [Patient Services],14.2,Patient Satisfaction Score of the facility in percentage (from Mera Aspatal),TOTAL,NA,NA,NA,NA,NA,NA,NA,NA,NA,NA,NA,NA,NA,NA,NA,NA,NA,NA,NA,NA,NA,NA,NA,NA,NA,NA,NA,NA,NA,NA,NA,NA,NA,NA,NA,NA,NA,NA,NA,NA,NA,NA,NA,NA,NA,NA,NA,NA,NA,NA,NA,NA,NA,NA,NA,NA,NA,NA,NA,NA,NA,NA,NA,NA,NA
M15 [Laboratory Testing],15.1,Number of Lab Tests done,TOTAL,30477,30477,NA,16515,13962,1507,1507,NA,1501,6,2765,2765,NA,1693,1072,2134,2134,NA,2118,16,2928,2928,NA,1633,1295,5283,5283,NA,NA,5283,1434,1434,NA,1015,419,1753,1753,NA,NA,1753,7426,7426,NA,5690,1736,1415,1415,NA,1055,360,1277,1277,NA,NA,1277,745,745,NA,NA,745,1810,1810,NA,1810,NA
M15 [Laboratory Testing],15.2.1,Number of Hb tests conducted,TOTAL,12630,12630,NA,4911,7719,839,839,NA,241,598,769,769,NA,336,433,794,794,NA,421,373,1030,1030,NA,220,810,1853,1853,NA,NA,1853,444,444,NA,160,284,780,780,NA,NA,780,2028,2028,NA,1330,698,804,804,NA,223,581,474,474,NA,NA,474,835,835,NA,NA,835,1980,1980,NA,1980,NA
M15 [Laboratory Testing],15.2.2,"Out of the total number of Hb tests done, Number having Hb < 7 mg",TOTAL,370,370,NA,107,263,7,7,NA,4,3,9,9,NA,7,2,21,21,NA,1,20,21,21,NA,3,18,32,32,NA,NA,32,9,9,NA,2,7,69,69,NA,NA,69,40,40,NA,24,16,25,25,NA,0,25,34,34,NA,NA,34,37,37,NA,NA,37,66,66,NA,66,NA
M15 [Laboratory Testing],15.3.1.a,Male HIV - Number Tested,TOTAL,1930,1930,NA,1127,803,196,196,NA,170,26,222,222,NA,77,145,105,105,NA,105,0,268,268,NA,71,197,200,200,NA,NA,200,113,113,NA,112,1,63,63,NA,NA,63,323,323,NA,321,2,167,167,NA,143,24,15,15,NA,NA,15,130,130,NA,NA,130,128,128,NA,128,NA
M15 [Laboratory Testing],15.3.1.b,Male HIV - Number Positive,TOTAL,97,97,NA,22,75,1,1,NA,1,0,3,3,NA,3,0,68,68,NA,1,67,3,3,NA,2,1,5,5,NA,NA,5,1,1,NA,1,0,1,1,NA,NA,1,12,12,NA,12,0,2,2,NA,2,0,0,0,NA,NA,0,1,1,NA,NA,1,0,0,NA,0,NA
M15 [Laboratory Testing],15.3.2.a,Female Non ANC HIV - Number Tested,TOTAL,2698,2698,NA,1170,1528,251,251,NA,139,112,328,328,NA,200,128,168,168,NA,44,124,403,403,NA,96,307,394,394,NA,NA,394,257,257,NA,205,52,74,74,NA,NA,74,429,429,NA,346,83,157,157,NA,105,52,6,6,NA,NA,6,196,196,NA,NA,196,35,35,NA,35,NA
M15 [Laboratory Testing],15.3.2.b,Female Non ANC HIV - Number Positive,TOTAL,75,75,NA,37,38,6,6,NA,3,3,7,7,NA,6,1,2,2,NA,2,0,3,3,NA,2,1,29,29,NA,NA,29,3,3,NA,3,0,2,2,NA,NA,2,10,10,NA,10,0,1,1,NA,1,0,0,0,NA,NA,0,2,2,NA,NA,2,10,10,NA,10,NA
M15 [Laboratory Testing],15.3.3.a,Number of pregnant women screened for HIV,TOTAL,4765,4765,NA,1815,2950,294,294,NA,108,186,348,348,NA,117,231,173,173,NA,103,70,511,511,NA,64,447,638,638,NA,NA,638,174,174,NA,24,150,299,299,NA,NA,299,486,486,NA,152,334,250,250,NA,27,223,56,56,NA,NA,56,316,316,NA,NA,316,1220,1220,NA,1220,NA
M15 [Laboratory Testing],15.3.3.b,"Out of the above, number screened positive",TOTAL,32,32,NA,1,31,0,0,NA,0,0,0,0,NA,0,0,4,4,NA,0,4,0,0,NA,0,0,1,1,NA,NA,1,0,0,NA,0,0,0,0,NA,NA,0,0,0,NA,0,0,8,8,NA,1,7,0,0,NA,NA,0,19,19,NA,NA,19,0,0,NA,0,NA
M15 [Laboratory Testing],15.3.3.c,"Out of the above number screened positive, number confirmed with HIV infection at Integrated Counselling and Testing Centre (ICTC)",TOTAL,4,4,NA,4,0,4,4,NA,4,0,0,0,NA,0,0,0,0,NA,0,0,0,0,NA,0,0,0,0,NA,NA,0,0,0,NA,0,0,0,0,NA,NA,0,0,0,NA,0,0,0,0,NA,0,0,0,0,NA,NA,0,0,0,NA,NA,0,0,0,NA,0,NA
M15 [Laboratory Testing],15.3.4.a,Number of Male STI/RTI attendees tested for syphilis,TOTAL,7,7,NA,0,7,0,0,NA,0,0,0,0,NA,0,0,0,0,NA,0,0,0,0,NA,0,0,0,0,NA,NA,0,0,0,NA,0,0,0,0,NA,NA,0,0,0,NA,0,0,0,0,NA,0,0,7,7,NA,NA,7,0,0,NA,NA,0,0,0,NA,0,NA
M15 [Laboratory Testing],15.3.4.b,Number of Male STI/RTI attendees found sero Positive for syphilis,TOTAL,0,0,NA,0,0,0,0,NA,0,0,0,0,NA,0,0,0,0,NA,0,0,0,0,NA,0,0,0,0,NA,NA,0,0,0,NA,0,0,0,0,NA,NA,0,0,0,NA,0,0,0,0,NA,0,0,0,0,NA,NA,0,0,0,NA,NA,0,0,0,NA,0,NA
M15 [Laboratory Testing],15.3.4.c,Number of Female (Non ANC)STI/RTI attendees tested for syphilis,TOTAL,57,57,NA,0,57,0,0,NA,0,0,0,0,NA,0,0,0,0,NA,0,NA,0,0,NA,0,0,15,15,NA,NA,15,0,0,NA,0,0,2,2,NA,NA,2,0,0,NA,0,0,0,0,NA,0,0,0,0,NA,NA,0,40,40,NA,NA,40,0,0,NA,0,NA
M15 [Laboratory Testing],15.3.4.d,Number of Female (Non ANC) STI/RTI attendees found sero Positive for syphilis,TOTAL,0,0,NA,0,0,0,0,NA,0,0,0,0,NA,0,0,0,0,NA,0,NA,0,0,NA,0,0,0,0,NA,NA,0,0,0,NA,0,0,0,0,NA,NA,0,0,0,NA,0,0,0,0,NA,0,0,0,0,NA,NA,0,0,0,NA,NA,0,0,0,NA,0,NA
M15 [Laboratory Testing],15.4.1,Widal tests - Number Tested,TOTAL,528,528,NA,319,209,17,17,NA,17,0,56,56,NA,37,19,27,27,NA,27,0,7,7,NA,7,0,49,49,NA,NA,49,56,56,NA,56,0,7,7,NA,NA,7,123,123,NA,83,40,74,74,NA,74,0,40,40,NA,NA,40,54,54,NA,NA,54,18,18,NA,18,NA
M15 [Laboratory Testing],15.4.2,Widal tests - Number Positive,TOTAL,31,31,NA,17,14,10,10,NA,10,0,6,6,NA,6,0,0,0,NA,0,0,1,1,NA,1,0,0,0,NA,NA,0,0,0,NA,0,0,0,0,NA,NA,0,0,0,NA,0,0,0,0,NA,0,0,0,0,NA,NA,0,14,14,NA,NA,14,0,0,NA,0,NA
M15 [Laboratory Testing],15.5.1,Radiology - X-ray,TOTAL,853,853,NA,578,275,65,65,NA,65,NA,107,107,NA,107,0,0,0,NA,0,NA,0,0,NA,0,0,229,229,NA,NA,229,108,108,NA,108,NA,25,25,NA,NA,25,297,297,NA,297,0,1,1,NA,1,NA,0,0,NA,NA,0,21,21,NA,NA,21,0,0,NA,0,NA
M15 [Laboratory Testing],15.5.2,Radiology - Ultrasonography (USG),TOTAL,14,14,NA,14,0,NA,NA,NA,NA,NA,NA,NA,NA,NA,NA,0,0,NA,0,NA,NA,NA,NA,NA,NA,0,0,NA,NA,0,NA,NA,NA,NA,NA,NA,NA,NA,NA,NA,14,14,NA,14,NA,NA,NA,NA,NA,NA,NA,NA,NA,NA,NA,NA,NA,NA,NA,NA,NA,NA,NA,NA,NA
M16 [Details of deaths reported with probable causes:],16.1,Infant deaths within 24 hrs(1 to 23 Hrs) of birth,TOTAL,7,7,NA,0,7,2,2,NA,0,2,0,0,NA,0,0,1,1,NA,0,1,0,0,NA,0,0,2,2,NA,NA,2,0,0,NA,0,0,0,0,NA,NA,0,0,0,NA,0,0,0,0,NA,0,0,0,0,NA,NA,0,2,2,NA,NA,2,0,0,NA,0,NA
M16 [Details of deaths reported with probable causes:],16.2.1,Infant Deaths up to 4 weeks due to Sepsis,TOTAL,2,2,NA,2,0,0,0,NA,0,0,0,0,NA,0,0,0,0,NA,0,0,0,0,NA,0,0,0,0,NA,NA,0,0,0,NA,0,0,0,0,NA,NA,0,0,0,NA,0,0,0,0,NA,0,0,0,0,NA,NA,0,0,0,NA,NA,0,2,2,NA,2,NA
M16 [Details of deaths reported with probable causes:],16.2.2,Infant Deaths up to 4 weeks due to Asphyxia,TOTAL,7,7,NA,6,1,0,0,NA,0,0,1,1,NA,0,1,0,0,NA,0,0,1,1,NA,1,0,0,0,NA,NA,0,0,0,NA,0,0,0,0,NA,NA,0,0,0,NA,0,0,0,0,NA,0,0,0,0,NA,NA,0,0,0,NA,NA,0,5,5,NA,5,NA
M16 [Details of deaths reported with probable causes:],16.2.3,Infant Deaths up to 4 weeks due to Other causes,TOTAL,39,39,NA,33,6,2,2,NA,0,2,0,0,NA,0,0,2,2,NA,0,2,0,0,NA,0,0,1,1,NA,NA,1,0,0,NA,0,0,0,0,NA,NA,0,1,1,NA,0,1,0,0,NA,0,0,0,0,NA,NA,0,0,0,NA,NA,0,33,33,NA,33,NA
M16 [Details of deaths reported with probable causes:],16.3.1,Number of Infant Deaths (1 -12 months) due to Pneumonia,TOTAL,2,2,NA,0,2,0,0,NA,0,0,0,0,NA,0,0,0,0,NA,0,0,0,0,NA,0,0,2,2,NA,NA,2,0,0,NA,0,0,0,0,NA,NA,0,0,0,NA,0,0,0,0,NA,0,0,0,0,NA,NA,0,0,0,NA,NA,0,0,0,NA,0,NA
M16 [Details of deaths reported with probable causes:],16.3.2,Number of Infant Deaths (1 -12 months) due to Diarrhoea,TOTAL,0,0,NA,0,0,0,0,NA,0,0,0,0,NA,0,0,0,0,NA,0,0,0,0,NA,0,0,0,0,NA,NA,0,0,0,NA,0,0,0,0,NA,NA,0,0,0,NA,0,0,0,0,NA,0,0,0,0,NA,NA,0,0,0,NA,NA,0,0,0,NA,0,NA
M16 [Details of deaths reported with probable causes:],16.3.3,Number of Infant Deaths (1 -12 months) due to Fever related,TOTAL,2,2,NA,0,2,0,0,NA,0,0,0,0,NA,0,0,0,0,NA,0,0,0,0,NA,0,0,0,0,NA,NA,0,0,0,NA,0,0,0,0,NA,NA,0,2,2,NA,0,2,0,0,NA,0,0,0,0,NA,NA,0,0,0,NA,NA,0,0,0,NA,0,NA
M16 [Details of deaths reported with probable causes:],16.3.4,Number of Infant Deaths (1 -12 months) due to Measles,TOTAL,0,0,NA,0,0,0,0,NA,0,0,0,0,NA,0,0,0,0,NA,0,0,0,0,NA,0,0,0,0,NA,NA,0,0,0,NA,0,0,0,0,NA,NA,0,0,0,NA,0,0,0,0,NA,0,0,0,0,NA,NA,0,0,0,NA,NA,0,0,0,NA,0,NA
M16 [Details of deaths reported with probable causes:],16.3.5,Number of Infant Deaths (1 -12 months) due to Others,TOTAL,10,10,NA,0,10,1,1,NA,0,1,0,0,NA,0,0,2,2,NA,0,2,0,0,NA,0,0,0,0,NA,NA,0,0,0,NA,0,0,1,1,NA,NA,1,4,4,NA,0,4,0,0,NA,0,0,0,0,NA,NA,0,2,2,NA,NA,2,0,0,NA,0,NA
M16 [Details of deaths reported with probable causes:],16.4.1,Number of Child Deaths (1 -5 years) due to Pneumonia,TOTAL,0,0,NA,0,0,0,0,NA,0,0,0,0,NA,0,0,0,0,NA,0,0,0,0,NA,0,0,0,0,NA,NA,0,0,0,NA,0,0,0,0,NA,NA,0,0,0,NA,0,0,0,0,NA,0,0,0,0,NA,NA,0,0,0,NA,NA,0,0,0,NA,0,NA
M16 [Details of deaths reported with probable causes:],16.4.2,Number of Child Deaths (1 -5 years) due to Diarrhoea,TOTAL,1,1,NA,0,1,0,0,NA,0,0,0,0,NA,0,0,0,0,NA,0,0,0,0,NA,0,0,1,1,NA,NA,1,0,0,NA,0,0,0,0,NA,NA,0,0,0,NA,0,0,0,0,NA,0,0,0,0,NA,NA,0,0,0,NA,NA,0,0,0,NA,0,NA
M16 [Details of deaths reported with probable causes:],16.4.3,Number of Child Deaths (1 -5 years) due to Fever related,TOTAL,0,0,NA,0,0,0,0,NA,0,0,0,0,NA,0,0,0,0,NA,0,0,0,0,NA,0,0,0,0,NA,NA,0,0,0,NA,0,0,0,0,NA,NA,0,0,0,NA,0,0,0,0,NA,0,0,0,0,NA,NA,0,0,0,NA,NA,0,0,0,NA,0,NA
M16 [Details of deaths reported with probable causes:],16.4.4,Number of Child Deaths (1 -5 years) due to Measles,TOTAL,0,0,NA,0,0,0,0,NA,0,0,0,0,NA,0,0,0,0,NA,0,0,0,0,NA,0,0,0,0,NA,NA,0,0,0,NA,0,0,0,0,NA,NA,0,0,0,NA,0,0,0,0,NA,0,0,0,0,NA,NA,0,0,0,NA,NA,0,0,0,NA,0,NA
M16 [Details of deaths reported with probable causes:],16.4.5,Number of Child Deaths (1 -5 years) due to Others,TOTAL,7,7,NA,0,7,0,0,NA,0,0,0,0,NA,0,0,0,0,NA,0,0,1,1,NA,0,1,1,1,NA,NA,1,2,2,NA,0,2,2,2,NA,NA,2,1,1,NA,0,1,0,0,NA,0,0,0,0,NA,NA,0,0,0,NA,NA,0,0,0,NA,0,NA
M16 [Details of deaths reported with probable causes:],16.5.1,Number of Maternal Deaths due to Bleeding,TOTAL,0,0,NA,0,0,0,0,NA,0,0,0,0,NA,0,0,0,0,NA,0,0,0,0,NA,0,0,0,0,NA,NA,0,0,0,NA,0,0,0,0,NA,NA,0,0,0,NA,0,0,0,0,NA,0,0,0,0,NA,NA,0,0,0,NA,NA,0,0,0,NA,0,NA
M16 [Details of deaths reported with probable causes:],16.5.2,Number of Maternal Deaths due to High fever,TOTAL,0,0,NA,0,0,0,0,NA,0,0,0,0,NA,0,0,0,0,NA,0,0,0,0,NA,0,0,0,0,NA,NA,0,0,0,NA,0,0,0,0,NA,NA,0,0,0,NA,0,0,0,0,NA,0,0,0,0,NA,NA,0,0,0,NA,NA,0,0,0,NA,0,NA
M16 [Details of deaths reported with probable causes:],16.5.3,Number of Maternal Deaths due to Abortion,TOTAL,0,0,NA,0,0,0,0,NA,0,0,0,0,NA,0,0,0,0,NA,0,0,0,0,NA,0,0,0,0,NA,NA,0,0,0,NA,0,0,0,0,NA,NA,0,0,0,NA,0,0,0,0,NA,0,0,0,0,NA,NA,0,0,0,NA,NA,0,0,0,NA,0,NA
M16 [Details of deaths reported with probable causes:],16.5.4,Number of Maternal Deaths due to Obstructed/prolonged labour,TOTAL,0,0,NA,0,0,0,0,NA,0,0,0,0,NA,0,0,0,0,NA,0,0,0,0,NA,0,0,0,0,NA,NA,0,0,0,NA,0,0,0,0,NA,NA,0,0,0,NA,0,0,0,0,NA,0,0,0,0,NA,NA,0,0,0,NA,NA,0,0,0,NA,0,NA
M16 [Details of deaths reported with probable causes:],16.5.5,Number of Maternal Deaths due to Severe hypertesnion/fits,TOTAL,0,0,NA,0,0,0,0,NA,0,0,0,0,NA,0,0,0,0,NA,0,0,0,0,NA,0,0,0,0,NA,NA,0,0,0,NA,0,0,0,0,NA,NA,0,0,0,NA,0,0,0,0,NA,0,0,0,0,NA,NA,0,0,0,NA,NA,0,0,0,NA,0,NA
M16 [Details of deaths reported with probable causes:],16.5.6,Number of Maternal Deaths due to Other Causes (including causes not known),TOTAL,4,4,NA,4,0,0,0,NA,0,0,0,0,NA,0,0,0,0,NA,0,0,0,0,NA,0,0,0,0,NA,NA,0,0,0,NA,0,0,0,0,NA,NA,0,1,1,NA,1,0,0,0,NA,0,0,0,0,NA,NA,0,0,0,NA,NA,0,3,3,NA,3,NA
M16 [Details of deaths reported with probable causes:],16.6,Total Facility Based Maternal Death Reviews (FBMDR) done,TOTAL,0,0,NA,0,0,0,0,NA,0,NA,0,0,NA,0,0,0,0,NA,0,NA,0,0,NA,0,0,0,0,NA,NA,0,0,0,NA,0,NA,0,0,NA,NA,0,0,0,NA,0,0,0,0,NA,0,NA,0,0,NA,NA,0,0,0,NA,NA,0,0,0,NA,0,NA
M16 [Details of deaths reported with probable causes:],16.7.1,Number of Adolscent / Adult deaths due to Diarrhoeal diseases,TOTAL,2,2,NA,0,2,0,0,NA,0,0,0,0,NA,0,0,0,0,NA,0,0,0,0,NA,0,0,2,2,NA,NA,2,0,0,NA,0,0,0,0,NA,NA,0,0,0,NA,0,0,0,0,NA,0,0,0,0,NA,NA,0,0,0,NA,NA,0,0,0,NA,0,NA
M16 [Details of deaths reported with probable causes:],16.7.2,Number of Adolscent / Adult deaths due to Tuberculosis,TOTAL,2,2,NA,0,2,0,0,NA,0,0,0,0,NA,0,0,0,0,NA,0,0,0,0,NA,0,0,0,0,NA,NA,0,0,0,NA,0,0,0,0,NA,NA,0,1,1,NA,0,1,1,1,NA,0,1,0,0,NA,NA,0,0,0,NA,NA,0,0,0,NA,0,NA
M16 [Details of deaths reported with probable causes:],16.7.3,Number of Adolscent / Adult deaths due to Respiratory diseases including infections (other than TB),TOTAL,16,16,NA,0,16,4,4,NA,0,4,0,0,NA,0,0,0,0,NA,0,0,0,0,NA,0,0,6,6,NA,NA,6,0,0,NA,0,0,3,3,NA,NA,3,2,2,NA,0,2,1,1,NA,0,1,0,0,NA,NA,0,0,0,NA,NA,0,0,0,NA,0,NA
M16 [Details of deaths reported with probable causes:],16.7.4,Number of Adolscent / Adult deaths due to Other Fever Related,TOTAL,1,1,NA,0,1,0,0,NA,0,0,0,0,NA,0,0,0,0,NA,0,0,0,0,NA,0,0,0,0,NA,NA,0,0,0,NA,0,0,0,0,NA,NA,0,0,0,NA,0,0,1,1,NA,0,1,0,0,NA,NA,0,0,0,NA,NA,0,0,0,NA,0,NA
M16 [Details of deaths reported with probable causes:],16.7.5,Number of Adolscent / Adult deaths due to HIV/AIDS,TOTAL,4,4,NA,0,4,0,0,NA,0,0,1,1,NA,0,1,0,0,NA,0,0,0,0,NA,0,0,1,1,NA,NA,1,0,0,NA,0,0,1,1,NA,NA,1,0,0,NA,0,0,1,1,NA,0,1,0,0,NA,NA,0,0,0,NA,NA,0,0,0,NA,0,NA
M16 [Details of deaths reported with probable causes:],16.7.6,Number of Adolscent / Adult deaths due to Heart disease/Hypertension related,TOTAL,73,73,NA,0,73,12,12,NA,0,12,6,6,NA,0,6,0,0,NA,0,0,0,0,NA,0,0,13,13,NA,NA,13,4,4,NA,0,4,11,11,NA,NA,11,7,7,NA,0,7,18,18,NA,0,18,0,0,NA,NA,0,2,2,NA,NA,2,0,0,NA,0,NA
M16 [Details of deaths reported with probable causes:],16.7.7,Number of Adolscent / Adult deaths due to Cancer,TOTAL,18,18,NA,0,18,4,4,NA,0,4,1,1,NA,0,1,1,1,NA,0,1,0,0,NA,0,0,5,5,NA,NA,5,2,2,NA,0,2,1,1,NA,NA,1,2,2,NA,0,2,2,2,NA,0,2,0,0,NA,NA,0,0,0,NA,NA,0,0,0,NA,0,NA
M16 [Details of deaths reported with probable causes:],16.7.8,Number of Adolscent / Adult deaths due to Neurological disease including strokes,TOTAL,6,6,NA,0,6,0,0,NA,0,0,1,1,NA,0,1,1,1,NA,0,1,0,0,NA,0,0,2,2,NA,NA,2,1,1,NA,0,1,0,0,NA,NA,0,0,0,NA,0,0,1,1,NA,0,1,0,0,NA,NA,0,0,0,NA,NA,0,0,0,NA,0,NA
M16 [Details of deaths reported with probable causes:],16.7.9,Number of Adolscent / Adult deaths due to Accidents/Burn cases,TOTAL,18,18,NA,0,18,2,2,NA,0,2,5,5,NA,0,5,0,0,NA,0,0,0,0,NA,0,0,2,2,NA,NA,2,0,0,NA,0,0,4,4,NA,NA,4,2,2,NA,0,2,1,1,NA,0,1,0,0,NA,NA,0,2,2,NA,NA,2,0,0,NA,0,NA
M16 [Details of deaths reported with probable causes:],16.7.10,Number of Adolscent / Adult deaths due to Suicide,TOTAL,15,15,NA,0,15,0,0,NA,0,0,2,2,NA,0,2,1,1,NA,0,1,0,0,NA,0,0,0,0,NA,NA,0,2,2,NA,0,2,0,0,NA,NA,0,3,3,NA,0,3,5,5,NA,0,5,1,1,NA,NA,1,1,1,NA,NA,1,0,0,NA,0,NA
M16 [Details of deaths reported with probable causes:],16.7.11,Number of Adolscent / Adult deaths due to Animal bites and stings,TOTAL,0,0,NA,0,0,0,0,NA,0,0,0,0,NA,0,0,0,0,NA,0,0,0,0,NA,0,0,0,0,NA,NA,0,0,0,NA,0,0,0,0,NA,NA,0,0,0,NA,0,0,0,0,NA,0,0,0,0,NA,NA,0,0,0,NA,NA,0,0,0,NA,0,NA
M16 [Details of deaths reported with probable causes:],16.7.12,Number of Adolscent / Adult deaths due to Known Acute Disease,TOTAL,21,21,NA,0,21,5,5,NA,0,5,5,5,NA,0,5,0,0,NA,0,0,0,0,NA,0,0,6,6,NA,NA,6,0,0,NA,0,0,1,1,NA,NA,1,1,1,NA,0,1,2,2,NA,0,2,0,0,NA,NA,0,1,1,NA,NA,1,0,0,NA,0,NA
M16 [Details of deaths reported with probable causes:],16.7.13,Number of Adolscent / Adult deaths due to Known Chronic Disease,TOTAL,37,37,NA,0,37,11,11,NA,0,11,6,6,NA,0,6,2,2,NA,0,2,0,0,NA,0,0,5,5,NA,NA,5,0,0,NA,0,0,0,0,NA,NA,0,6,6,NA,0,6,1,1,NA,0,1,5,5,NA,NA,5,1,1,NA,NA,1,0,0,NA,0,NA
M16 [Details of deaths reported with probable causes:],16.7.14,Number of Adolscent / Adult deaths due to Causes not known,TOTAL,225,225,NA,0,225,7,7,NA,0,7,31,31,NA,0,31,20,20,NA,0,20,0,0,NA,0,0,36,36,NA,NA,36,31,31,NA,0,31,38,38,NA,NA,38,6,6,NA,0,6,26,26,NA,0,26,16,16,NA,NA,16,14,14,NA,NA,14,0,0,NA,0,NA
M16 [Details of deaths reported with probable causes:],16.8.1,Number of Deaths due to Malaria- Plasmodium Vivax,TOTAL,0,0,NA,0,0,0,0,NA,0,0,0,0,NA,0,0,0,0,NA,0,0,0,0,NA,0,0,0,0,NA,NA,0,0,0,NA,0,0,0,0,NA,NA,0,0,0,NA,0,0,0,0,NA,0,0,0,0,NA,NA,0,0,0,NA,NA,0,0,0,NA,0,NA
M16 [Details of deaths reported with probable causes:],16.8.2,Number of Deaths due to Malaria- Plasmodium Falciparum,TOTAL,0,0,NA,0,0,0,0,NA,0,0,0,0,NA,0,0,0,0,NA,0,0,0,0,NA,0,0,0,0,NA,NA,0,0,0,NA,0,0,0,0,NA,NA,0,0,0,NA,0,0,0,0,NA,0,0,0,0,NA,NA,0,0,0,NA,NA,0,0,0,NA,0,NA
M16 [Details of deaths reported with probable causes:],16.8.3,Number of Deaths due to Kala Azar,TOTAL,0,0,NA,0,0,0,0,NA,0,0,0,0,NA,0,0,0,0,NA,0,0,0,0,NA,0,0,0,0,NA,NA,0,0,0,NA,0,0,0,0,NA,NA,0,0,0,NA,0,0,0,0,NA,0,0,0,0,NA,NA,0,0,0,NA,NA,0,0,0,NA,0,NA
M16 [Details of deaths reported with probable causes:],16.8.4,Number of Deaths due to Dengue,TOTAL,0,0,NA,0,0,0,0,NA,0,0,0,0,NA,0,0,0,0,NA,0,0,0,0,NA,0,0,0,0,NA,NA,0,0,0,NA,0,0,0,0,NA,NA,0,0,0,NA,0,0,0,0,NA,0,0,0,0,NA,NA,0,0,0,NA,NA,0,0,0,NA,0,NA
M16 [Details of deaths reported with probable causes:],16.8.5,Number of Deaths due to Acute Encephelitis Syndrome (AES),TOTAL,0,0,NA,0,0,0,0,NA,0,0,0,0,NA,0,0,0,0,NA,0,0,0,0,NA,0,0,0,0,NA,NA,0,0,0,NA,0,0,0,0,NA,NA,0,0,0,NA,0,0,0,0,NA,0,0,0,0,NA,NA,0,0,0,NA,NA,0,0,0,NA,0,NA
M16 [Details of deaths reported with probable causes:],16.8.6,Number of Deaths due to Japanese Encephalitis (JE),TOTAL,0,0,NA,0,0,0,0,NA,0,0,0,0,NA,0,0,0,0,NA,0,0,0,0,NA,0,0,0,0,NA,NA,0,0,0,NA,0,0,0,0,NA,NA,0,0,0,NA,0,0,0,0,NA,0,0,0,0,NA,NA,0,0,0,NA,NA,0,0,0,NA,0,NA
